Census_Tra,TRACT,UHII,DegHourDay,FIPS,Pop2012_km,FID_,X,Y,x1,y1,Pop_km_2,SymbolID
1521,181000,18044.4,99.1450549451,6037181000,1536.5906989,201,208542.109,-307630.594,28.514,66.456,1536.6,
1522,181300,15861.4,87.1505494505,6037181300,2618.81550918,202,206669.859,-308540.219,27.89,66.153,2618.8,
1523,181400,16793.9,92.2741758242,6037181400,5153.72587995,203,208012.75,-308436.969,28.338,66.188,5153.7,
1524,181500,17402.0,95.6153846154,6037181500,3636.88553203,204,209474.906,-308604.406,28.825,66.132,3636.9,
1525,181600,15887.0,87.2912087912,6037181600,3533.48910069,205,207956.297,-309202.531,28.319,65.932,3533.5,
1526,183101,16437.5,90.3159340659,6037183101,4148.0846684,206,210514.375,-309926.125,29.171,65.691,4148.1,
1527,183103,15989.7,87.8554945055,6037183103,6296.67310726,207,211086.547,-310631.844,29.362,65.456,3106.7,
1528,183104,16824.1,92.4401098901,6037183104,3106.6532717,208,211362.328,-309983.25,29.454,65.672,3106.7,
1529,183220,15758.2,86.5835164835,6037183220,8201.70785556,209,209844.438,-310213.313,28.948,65.596,8201.7,
1530,183221,16341.9,89.7906593407,6037183221,4664.33131586,210,209676.625,-309622.125,28.892,65.793,4664.3,
1531,183222,16480.5,90.5521978022,6037183222,3883.93527279,211,209085.047,-309228.313,28.695,65.924,3883.9,
1532,183300,15292.0,84.021978022,6037183300,6629.42887097,212,208793.922,-310131.125,28.598,65.623,6629.4,
1534,183402,15042.1,82.6489010989,6037183402,5664.53438848,214,207362.797,-309657.125,28.121,65.781,5664.5,
1538,183620,15221.6,83.6351648352,6037183620,6521.37489621,218,209807.578,-310738.063,28.936,65.421,6521.4,
2164,300800,24567.2,134.984615385,6037300800,1192.42570899,841,206828.0,-303207.531,27.943,67.931,1192.4,
2165,300901,21973.7,120.734615385,6037300901,960.329030934,842,208165.875,-304908.406,28.389,67.364,960.3,
2166,300902,19833.0,108.972527473,6037300902,476.321976629,843,208738.438,-306494.531,28.579,66.835,476.3,
2167,301000,18469.5,101.480769231,6037301000,2466.34512168,844,205910.359,-306293.938,27.637,66.902,2466.3,
2168,301100,19002.6,104.40989011,6037301100,4871.42992029,845,204493.297,-305736.875,27.164,67.088,4871.4,
2169,301203,19458.2,106.913186813,6037301203,8423.59196018,846,203185.344,-305342.063,26.728,67.219,8423.6,
2170,301204,18623.0,102.324175824,6037301204,12988.7609951,847,203310.656,-305868.156,26.77,67.044,12988.8,
2180,301702,16670.5,91.5961538462,6037301702,7054.53869124,857,202493.156,-307015.438,26.498,66.662,7054.5,
2181,301801,17565.3,96.5126373626,6037301801,5842.96805713,858,203335.016,-306521.938,26.778,66.826,5843.0,
2182,301802,16470.4,90.4967032967,6037301802,7994.55069925,859,203359.5,-307203.531,26.787,66.599,7994.6,
2183,301900,17677.2,97.1274725275,6037301900,7569.90863711,860,204535.719,-306548.25,27.179,66.817,7569.9,
2184,302002,16598.5,91.2005494505,6037302002,7279.26484154,861,204192.781,-307184.938,27.064,66.605,7279.3,
2185,302003,16626.5,91.3543956044,6037302003,15565.5370273,862,204789.656,-307210.719,27.263,66.596,15565.5,
2186,302004,16717.3,91.8532967033,6037302004,12773.5991814,863,205261.328,-307190.375,27.42,66.603,12773.6,
2188,302103,15834.5,87.0027472527,6037302103,10495.0133885,865,205349.172,-307873.375,27.45,66.376,10495.0,
2189,302104,16431.2,90.2813186813,6037302104,7397.51280929,866,205872.516,-307544.188,27.624,66.485,7397.5,
2190,302201,15908.2,87.4076923077,6037302201,7873.20443894,867,204396.109,-307692.531,27.132,66.436,7873.2,
2191,302202,15472.0,85.010989011,6037302202,10540.0233233,868,204398.391,-308099.531,27.133,66.3,10540.0,
2192,302301,15731.1,86.4346153846,6037302301,5589.52285516,869,203055.047,-307707.688,26.685,66.431,5589.5,
2193,302302,15225.9,83.6587912088,6037302302,7882.40594078,870,203198.625,-308180.313,26.733,66.273,7882.4,
2195,302503,15127.2,83.1164835165,6037302503,14539.4084693,872,204518.078,-308439.313,27.173,66.187,14539.4,
2227,400204,30834.8,169.421978022,6037400204,883.088195077,899,248924.719,-307670.125,41.975,66.443,883.1,
2230,400207,31818.0,174.824175824,6037400207,963.824244765,900,247775.422,-306619.281,41.592,66.794,883.1,
2231,400302,25832.1,141.934615385,6037400302,2431.39379619,901,246170.266,-309723.438,41.057,65.759,2431.4,
2232,400304,24097.1,132.401648352,6037400304,2188.76275433,902,245165.859,-310635.688,40.722,65.455,2188.8,
2233,400402,27098.9,148.895054945,6037400402,936.661417144,903,242935.484,-307441.094,39.978,66.52,936.7,
2234,400403,30329.0,166.642857143,6037400403,291.677960434,904,245479.422,-306469.344,40.826,66.844,291.7,
2235,400404,30755.8,168.987912088,6037400404,302.068023265,905,242824.375,-304726.781,39.941,67.424,302.1,
2236,400501,27212.8,149.520879121,6037400501,207.96224068,906,239190.641,-304977.031,38.73,67.341,208.0,
2237,400602,23624.4,129.804395604,6037400602,3124.53918502,907,235205.266,-307413.969,37.402,66.529,3124.5,
2238,400603,26020.9,142.971978022,6037400603,600.189414518,908,233904.797,-305907.719,36.968,67.031,600.2,
2239,400604,25839.4,141.974725275,6037400604,650.239321814,909,236324.391,-305785.719,37.775,67.071,650.2,
2240,400800,24169.1,132.797252747,6037400800,1574.19997315,910,237095.516,-307427.625,38.032,66.524,1574.2,
2241,400900,24409.1,134.115934066,6037400900,2165.05070316,911,238144.031,-307589.125,38.381,66.47,2165.1,
2242,401001,26171.6,143.8,6037401001,2259.19666461,912,240313.969,-306916.438,39.105,66.695,2259.2,
2243,401002,25402.2,139.572527473,6037401002,2812.1625627,913,239123.953,-306958.344,38.708,66.681,2812.2,
2244,401101,24520.9,134.73021978,6037401101,1945.02050516,914,240198.328,-308608.844,39.066,66.13,1945.0,
2245,401102,24516.8,134.707692308,6037401102,2494.48625937,915,239093.203,-308102.25,38.698,66.299,2494.5,
2246,401201,24984.2,137.275824176,6037401201,1361.9513904,916,242010.766,-308756.625,39.67,66.081,1362.0,
2247,401202,23613.8,129.746153846,6037401202,1371.4327895,917,242133.938,-309933.625,39.711,65.689,1371.4,
2248,401203,23158.6,127.245054945,6037401203,2866.56999229,918,240216.531,-310136.813,39.072,65.621,2866.6,
2249,401303,20882.7,114.74010989,6037401303,383.538192124,919,244467.234,-314328.188,40.489,64.224,383.5,
2250,401304,21722.6,119.354945055,6037401304,513.270106461,920,244228.859,-312951.219,40.41,64.683,513.3,
2251,401311,24139.8,132.636263736,6037401311,1597.99300924,921,243904.766,-310109.938,40.302,65.63,1598.0,
2252,401312,22450.8,123.356043956,6037401312,2067.00349824,922,242625.672,-311505.563,39.875,65.165,2067.0,
2253,401500,24827.2,136.413186813,6037401500,1546.91136738,923,247312.313,-311402.438,41.437,65.199,1546.9,
2254,401601,27998.2,153.836263736,6037401601,2012.47894376,924,248448.906,-309303.031,41.816,65.899,2012.5,
2255,401602,26225.0,144.093406593,6037401602,2773.18184588,925,248501.109,-310512.563,41.834,65.496,2773.2,
2256,401603,25910.9,142.367582418,6037401603,1566.60254494,926,247184.672,-310040.969,41.395,65.653,1566.6,
2267,402200,24732.5,135.892857143,6037402200,1202.83389988,927,248503.406,-313166.969,41.834,64.611,1202.8,
2268,402301,23646.7,129.926923077,6037402301,4112.04105377,928,248089.906,-314684.438,41.697,64.105,4112.0,
2270,402304,23503.7,129.141208791,6037402304,5764.94327779,929,248505.828,-315359.938,41.835,63.88,5764.9,
2271,402402,21549.4,118.403296703,6037402402,1393.27302704,930,246449.656,-316307.719,41.15,63.564,1393.3,
2272,402403,19739.7,108.45989011,6037402403,2856.68846044,931,244270.141,-316748.781,40.423,63.417,2856.7,
2273,402404,19932.2,109.517582418,6037402404,472.76236376,932,243585.953,-316250.594,40.195,63.583,472.8,
2274,402405,21934.0,120.516483516,6037402405,3444.0189296,933,246017.75,-314854.688,41.006,64.048,3444.0,
2275,402406,22746.4,124.98021978,6037402406,4211.41255188,934,246941.656,-314834.906,41.314,64.055,4211.4,
2276,402501,23136.7,127.124725275,6037402501,5929.60295021,935,248661.359,-316166.875,41.887,63.611,5929.6,
2277,402502,22805.6,125.305494505,6037402502,5059.59852727,936,249043.859,-316873.125,42.015,63.376,5059.6,
2290,403200,19349.8,106.317582418,6037403200,163.697425604,937,244301.234,-317960.438,40.434,63.013,163.7,
2291,403303,17655.6,97.0087912088,6037403303,549.102350931,938,240399.906,-322055.469,39.133,61.648,549.1,
2292,403304,16717.2,91.8527472527,6037403304,1464.46896259,939,240736.422,-323646.781,39.245,61.118,1464.5,
2293,403305,16066.6,88.278021978,6037403305,1440.78728114,940,241299.188,-324751.0,39.433,60.75,1440.8,
2294,403312,18235.4,100.194505495,6037403312,758.294236743,941,242900.938,-320376.031,39.967,62.208,758.3,
2295,403316,19700.8,108.246153846,6037403316,2487.20633287,942,245626.094,-318734.563,40.875,62.755,2487.2,
2296,403317,20901.7,114.844505495,6037403317,1246.39388778,943,246935.359,-317915.844,41.312,63.028,1246.4,
2297,403318,20936.4,115.035164835,6037403318,1900.7478241,944,248664.5,-318757.719,41.888,62.747,1900.7,
2298,403319,18576.2,102.067032967,6037403319,1957.27042556,945,244324.5,-321006.781,40.442,61.998,1957.3,
2299,403320,19062.6,104.73956044,6037403320,1434.75482247,946,245977.641,-321589.813,40.993,61.803,1434.8,
2300,403321,19639.1,107.907142857,6037403321,963.711998517,947,246808.828,-320242.938,41.27,62.252,963.7,
2301,403322,17147.9,94.2192307692,6037403322,1722.88398939,948,242407.422,-323294.625,39.802,61.235,1722.9,
2302,403323,17977.9,98.7796703297,6037403323,1815.35025481,949,243479.078,-322488.906,40.16,61.504,1815.4,
2303,403324,17198.0,94.4945054945,6037403324,773.946427442,950,244333.891,-324357.938,40.445,60.881,773.9,
2304,403325,15354.3,84.3642857143,6037403325,307.941433616,951,243334.688,-326865.5,40.112,60.045,307.9,
2305,403401,18102.7,99.4653846154,6037403401,2251.92283251,952,239179.969,-320926.063,38.727,62.025,4064.4,
2306,403402,17947.2,98.610989011,6037403402,1962.8015123,953,240474.422,-320406.781,39.158,62.198,1962.8,
2307,403403,18563.8,101.998901099,6037403403,1401.31339873,954,241797.328,-318693.656,39.599,62.769,1401.3,
2308,403404,18258.0,100.318681319,6037403404,1102.25759708,955,240598.547,-319263.188,39.2,62.579,1102.3,
2309,403405,19644.6,107.937362637,6037403405,478.855520138,956,241618.344,-316785.969,39.539,63.405,478.9,
2310,403406,19450.0,106.868131868,6037403406,2341.57876473,957,240406.375,-317464.25,39.135,63.179,2341.6,
2311,403407,19229.3,105.655494505,6037403407,508.452872998,958,238825.547,-318196.156,38.609,62.935,508.5,
2312,403408,18270.1,100.385164835,6037403408,2090.78523701,959,238086.672,-319668.094,38.362,62.444,2090.8,
2313,403500,20422.1,112.209340659,6037403500,368.675959692,960,240685.5,-315532.594,39.229,63.822,368.7,
2314,403600,21293.3,116.996153846,6037403600,1356.33654189,961,239841.156,-314101.531,38.947,64.299,1356.3,
2315,403702,21984.5,120.793956044,6037403702,2240.79264777,962,239950.438,-312473.875,38.983,64.842,2240.8,
2316,403703,21840.1,120.000549451,6037403703,2266.8249774,963,241065.672,-312200.188,39.355,64.933,2266.8,
2317,403721,22446.3,123.331318681,6037403721,2713.19132791,964,238242.5,-311969.719,38.414,65.01,2713.2,
2318,403722,22156.6,121.73956044,6037403722,3247.75815953,965,238740.063,-312864.688,38.58,64.712,3247.8,
2319,403801,22714.0,124.802197802,6037403801,3457.55047586,966,239082.266,-311173.781,38.694,65.275,3457.6,
2320,403802,22423.5,123.206043956,6037403802,4386.9462527,967,241038.344,-311091.813,39.346,65.303,4386.9,
2321,403901,23738.1,130.429120879,6037403901,2510.58221721,968,238530.594,-309160.438,38.51,65.947,2510.6,
2322,403902,23201.2,127.479120879,6037403902,2350.55832707,969,238632.25,-310187.719,38.544,65.604,2350.6,
2323,404000,22915.2,125.907692308,6037404000,3526.68987148,970,237416.234,-310006.906,38.139,65.664,3526.7,
2324,404100,22623.2,124.303296703,6037404100,5009.8510631,971,236607.438,-310015.531,37.869,65.661,5009.9,
2325,404201,23283.0,127.928571429,6037404201,4018.80837138,972,236509.375,-308672.813,37.836,66.109,4018.8,
2326,404202,23518.5,129.222527473,6037404202,5416.67619813,973,237382.891,-308810.594,38.128,66.063,5416.7,
2327,404301,23043.5,126.612637363,6037404301,5436.82903274,974,235706.813,-308595.625,37.569,66.135,5436.8,
2328,404302,22529.3,123.787362637,6037404302,4213.80684042,975,235799.031,-309645.5,37.6,65.785,4213.8,
2329,404401,22854.9,125.576373626,6037404401,2894.22093578,976,234608.188,-308446.031,37.203,66.185,2894.2,
2330,404402,22080.7,121.322527473,6037404402,1599.12999278,977,234034.563,-309437.656,37.012,65.854,1599.1,
2331,404501,21458.0,117.901098901,6037404501,3051.52804436,978,234136.938,-310460.094,37.046,65.513,3051.5,
2332,404503,21813.9,119.856593407,6037404503,4958.09971927,979,235042.156,-310468.031,37.347,65.511,4958.1,
2333,404504,22124.6,121.563736264,6037404504,7815.81414118,980,235835.484,-310453.344,37.612,65.516,7815.8,
2334,404600,19948.9,109.609340659,6037404600,59.1281296824,981,230341.266,-310446.406,35.78,65.518,59.1,
2335,404701,16935.4,93.0516483516,6037404701,3511.82829217,982,227512.844,-314916.219,34.838,64.028,3511.8,
2336,404702,17447.3,95.8642857143,6037404702,5236.63295102,983,228556.75,-315026.219,35.186,63.991,5236.6,
2337,404703,16981.2,93.3032967033,6037404703,2400.39041998,984,228157.047,-315736.906,35.052,63.754,2400.4,
2338,404801,18056.3,99.2104395604,6037404801,5428.54752803,985,229230.125,-314154.969,35.41,64.282,5428.5,
2339,404802,18258.2,100.31978022,6037404802,4399.51412169,986,230005.297,-314773.844,35.668,64.075,4399.5,
2340,404803,18237.6,100.206593407,6037404803,3826.91781254,987,230274.25,-315326.094,35.758,63.891,3826.9,
2341,404901,18748.3,103.012637363,6037404901,5146.04571144,988,229227.422,-312280.531,35.409,64.906,5146.0,
2342,404902,18267.1,100.368681319,6037404902,5717.64929068,989,229020.109,-313231.313,35.34,64.59,5717.6,
2343,404903,18552.3,101.935714286,6037404903,5618.58594978,990,229616.469,-313152.813,35.539,64.616,5618.6,
2344,405001,19450.6,106.871428571,6037405001,3781.77941684,991,230134.984,-311441.125,35.712,65.186,3781.8,
2345,405002,20159.5,110.766483516,6037405002,3607.83548366,992,231716.531,-311362.719,36.239,65.212,3607.8,
2346,405101,19364.3,106.397252747,6037405101,4888.77137064,993,230605.281,-312216.031,35.868,64.928,4888.8,
2347,405102,19053.6,104.69010989,6037405102,5458.81236323,994,230519.094,-312946.781,35.84,64.684,5458.8,
2348,405201,19414.0,106.67032967,6037405201,3805.55491993,995,231598.766,-313368.5,36.2,64.544,3805.6,
2349,405202,18743.5,102.986263736,6037405202,5637.29131043,996,230506.438,-313862.938,35.835,64.379,5637.3,
2350,405203,18892.4,103.804395604,6037405203,5269.83064234,997,231091.344,-314345.875,36.03,64.218,5269.8,
2351,405301,19942.6,109.574725275,6037405301,4208.24569592,998,232494.078,-313058.563,36.498,64.647,3687.4,
2352,405302,19471.8,106.987912088,6037405302,3026.95499984,999,232263.391,-314286.469,36.421,64.238,3027.0,
2353,405400,20414.5,112.167582418,6037405400,3687.42596256,1000,233336.875,-312618.438,36.779,64.794,3687.4,
2354,405500,20111.6,110.503296703,6037405500,3823.56632758,1001,233667.578,-313974.438,36.889,64.342,3823.6,
2355,405600,20592.7,113.146703297,6037405600,2674.64972186,1002,234835.063,-313847.281,37.278,64.384,2674.6,
2356,405701,20882.0,114.736263736,6037405701,3906.34169415,1003,234282.516,-312322.031,37.094,64.893,3906.3,
2357,405702,21154.5,116.233516484,6037405702,3848.4713504,1004,235101.563,-312467.531,37.367,64.844,3848.5,
2358,405800,21528.9,118.290659341,6037405800,3219.97045292,1005,235014.344,-311256.375,37.338,65.248,3220.0,
2359,405900,22283.6,122.437362637,6037405900,3332.24883901,1006,237051.078,-311222.938,38.017,65.259,3332.2,
2360,406000,21521.7,118.251098901,6037406000,2738.69899628,1007,236074.859,-312441.969,37.692,64.853,2738.7,
2361,406101,21789.1,119.72032967,6037406101,2399.35436614,1008,237015.453,-312620.813,38.005,64.793,2399.4,
2362,406102,21526.4,118.276923077,6037406102,3607.47660647,1009,237218.469,-313578.969,38.073,64.474,3607.5,
2363,406200,21044.3,115.628021978,6037406200,3124.59687219,1010,236451.0,-314155.188,37.817,64.282,3124.6,
2364,406300,20803.0,114.302197802,6037406300,1118.99810613,1011,238341.156,-315917.844,38.447,63.694,1119.0,
2365,406402,20242.0,111.21978022,6037406402,2181.85382282,1012,236278.953,-316174.406,37.76,63.609,2181.9,
2366,406411,20721.7,113.855494505,6037406411,3154.66108889,1013,236288.813,-314886.281,37.763,64.038,3154.7,
2367,406412,20549.1,112.907142857,6037406412,2117.98785623,1014,236457.891,-315461.688,37.819,63.846,2118.0,
2368,406500,20083.1,110.346703297,6037406500,3363.10054054,1015,234738.406,-315340.375,37.246,63.887,3363.1,
2369,406601,19751.0,108.521978022,6037406601,2807.13292934,1016,234818.672,-316469.0,37.273,63.51,2807.1,
2370,406602,19229.4,105.656043956,6037406602,3190.36352866,1017,233440.516,-316671.656,36.814,63.443,3190.4,
2371,406701,18777.1,103.170879121,6037406701,3587.28731075,1018,232121.531,-316605.188,36.374,63.465,3587.3,
2372,406702,19431.5,106.766483516,6037406702,2134.23375063,1019,232947.906,-315413.25,36.649,63.862,2134.2,
2373,406800,18702.4,102.76043956,6037406800,2970.7724275,1020,231438.563,-315650.688,36.146,63.783,2970.8,
2374,406901,17888.0,98.2857142857,6037406901,5048.78120651,1021,230046.25,-316228.25,35.682,63.591,5048.8,
2375,406902,18024.8,99.0373626374,6037406902,3265.03599345,1022,230504.109,-316528.938,35.835,63.49,3265.0,
2376,407001,17519.0,96.2582417582,6037407001,5454.87525876,1023,229248.75,-316076.219,35.416,63.641,5454.9,
2377,407002,16429.1,90.2697802198,6037407002,1288.07774016,1024,227948.938,-316776.594,34.983,63.408,1288.1,
2378,407101,17525.5,96.293956044,6037407101,4434.14834527,1025,229789.938,-317490.563,35.597,63.17,4434.1,
2379,407102,17210.6,94.5637362637,6037407102,5783.34007496,1026,229398.297,-317951.906,35.466,63.016,5783.3,
2380,407200,17807.7,97.8445054945,6037407200,5251.12565148,1027,230975.813,-319015.5,35.992,62.661,5251.1,
2381,407301,18064.4,99.2549450549,6037407301,5134.26846245,1028,231033.875,-317707.875,36.011,63.097,5134.3,
2382,407302,17869.0,98.1813186813,6037407302,4539.82134789,1029,230863.078,-318369.531,35.954,62.877,4539.8,
2383,407400,18228.5,100.156593407,6037407400,3809.34535279,1030,231097.266,-316953.719,36.032,63.349,3809.3,
2384,407501,18558.2,101.968131868,6037407501,3967.93619692,1031,232024.953,-317551.969,36.342,63.149,3967.9,
2385,407502,18785.7,103.218131868,6037407502,3946.50122178,1032,232927.391,-317815.906,36.642,63.061,3946.5,
2386,407601,18475.3,101.512637363,6037407601,5650.36133842,1033,232197.109,-318446.688,36.399,62.851,5650.4,
2387,407602,18404.0,101.120879121,6037407602,4413.02198149,1034,232360.375,-319252.25,36.453,62.583,4413.0,
2388,407701,17889.1,98.2917582418,6037407701,5056.47382612,1035,233758.375,-321081.75,36.919,61.973,5056.5,
2389,407702,17851.1,98.082967033,6037407702,3344.08861117,1036,232259.828,-320402.313,36.42,62.199,3344.1,
2390,407801,18276.0,100.417582418,6037407801,4860.5339209,1037,234469.281,-319266.938,37.156,62.578,4860.5,
2391,407802,18202.2,100.012087912,6037407802,1198.4275838,1038,233584.594,-319782.719,36.862,62.406,1198.4,
2392,407900,18794.4,103.265934066,6037407900,4459.86608552,1039,233838.344,-318086.781,36.946,62.971,4459.9,
2393,408003,19180.3,105.386263736,6037408003,3653.58916603,1040,234790.547,-317520.594,37.264,63.16,3653.6,
2394,408004,18704.5,102.771978022,6037408004,4143.93709479,1041,234986.219,-318417.938,37.329,62.861,4143.9,
2395,408005,19769.3,108.622527473,6037408005,1583.76267643,1042,236760.766,-317143.188,37.92,63.286,1583.8,
2396,408006,18640.2,102.418681319,6037408006,1233.58098633,1043,236278.031,-318692.844,37.759,62.769,1233.6,
2397,408133,18098.7,99.4434065934,6037408133,5282.18263642,1044,235593.453,-319899.688,37.531,62.367,5282.2,
2398,408134,18176.3,99.8697802198,6037408134,3228.1053951,1045,236627.156,-320047.031,37.876,62.318,3228.1,
2399,408135,18229.6,100.162637363,6037408135,3734.99450353,1046,236674.828,-320735.438,37.892,62.088,3735.0,
2400,408136,18162.0,99.7912087912,6037408136,4064.4074006,1047,238716.563,-321457.5,38.572,61.847,4064.4,
2401,408137,18232.6,100.179120879,6037408137,5143.67493651,1048,237970.859,-321528.875,38.324,61.824,5143.7,
2402,408138,18133.9,99.6368131868,6037408138,7196.0138902,1049,234999.203,-320447.906,37.333,62.184,7196.0,
2403,408139,18234.0,100.186813187,6037408139,5867.6653102,1050,235271.531,-321207.625,37.424,61.931,5867.7,
2404,408140,18303.2,100.567032967,6037408140,4351.00602139,1051,236197.875,-321470.5,37.733,61.843,4351.0,
2405,408141,18266.3,100.364285714,6037408141,5046.55418774,1052,237184.219,-321519.344,38.061,61.827,5046.6,
2406,408202,17095.9,93.9335164835,6037408202,204.099213036,1053,230548.984,-320348.188,35.85,62.217,204.1,
2407,408211,18295.6,100.525274725,6037408211,784.274768119,1054,235575.125,-322714.813,37.525,61.428,784.3,
2408,408212,17559.6,96.4813186813,6037408212,1653.76438525,1055,238435.016,-323059.313,38.478,61.314,1653.8,
2409,408301,15434.8,84.8065934066,6037408301,2703.58462446,1056,227445.328,-317735.906,34.815,63.088,2703.6,
2412,408401,15830.1,86.9785714286,6037408401,3981.24226546,1059,229019.656,-320751.344,35.34,62.083,3981.2,
2414,408501,16435.4,90.3043956044,6037408501,3743.9655871,1061,230322.547,-321451.031,35.774,61.85,3744.0,
2416,408504,15395.2,84.589010989,6037408504,3785.63083302,1063,230071.266,-322845.688,35.69,61.385,3785.6,
2417,408505,15277.5,83.9423076923,6037408505,1324.50990444,1064,229247.344,-322506.0,35.416,61.498,1324.5,
2418,408623,16491.5,90.6126373626,6037408623,3390.4938162,1065,233126.859,-323136.125,36.709,61.288,3390.5,
2419,408624,15661.1,86.05,6037408624,2397.74553791,1066,232093.344,-323361.375,36.364,61.213,2397.7,
2421,408626,16476.4,90.5296703297,6037408626,1737.21051968,1068,234770.547,-324196.0,37.257,60.935,1737.2,
2422,408627,15190.5,83.4642857143,6037408627,1094.51821739,1069,234417.672,-325223.688,37.139,60.592,1094.5,
2425,408630,16670.4,91.5956043956,6037408630,3526.588847,1072,231407.266,-321962.281,36.136,61.679,3526.6,
2426,408631,16138.6,88.6736263736,6037408631,3538.93635648,1073,231218.891,-322645.875,36.073,61.451,3538.9,
2428,408704,16398.0,90.0989010989,6037408704,2830.1788316,1075,237186.297,-324411.719,38.062,60.863,2830.2,
2429,408705,16118.3,88.5620879121,6037408705,2843.39103966,1076,238431.391,-324390.969,38.477,60.87,2843.4,
2430,408706,15636.8,85.9164835165,6037408706,1327.37334531,1077,239458.266,-324968.938,38.819,60.677,1327.4,
2431,408722,15372.5,84.4642857143,6037408722,2386.10279302,1078,236421.547,-325731.156,37.807,60.423,2386.1,
2432,408723,16088.7,88.3994505495,6037408723,3641.40310906,1079,236535.219,-324910.781,37.845,60.696,3641.4,
2433,408724,16779.8,92.1967032967,6037408724,10182.3431912,1080,236282.938,-324244.813,37.761,60.918,10182.3,
2435,430002,23110.1,126.978571429,6037430002,3455.70574213,1081,231002.375,-307448.344,36.001,66.517,3455.7,
2436,430003,30741.2,168.907692308,6037430003,408.230044353,1082,232094.906,-303877.031,36.365,67.708,408.2,
2437,430101,22491.4,123.579120879,6037430101,2454.48195256,1083,229186.172,-307710.063,35.395,66.43,2454.5,
2438,430102,21291.6,116.986813187,6037430102,3690.31253013,1084,228832.797,-308703.25,35.278,66.099,3690.3,
2439,430200,26358.9,144.829120879,6037430200,290.376759194,1085,229769.984,-305972.781,35.59,67.009,290.4,
2440,430301,31673.9,174.032417582,6037430301,189.155466792,1086,227980.156,-303578.594,34.993,67.807,189.2,
2441,430302,25380.4,139.452747253,6037430302,3040.86449434,1087,226599.313,-305905.781,34.533,67.031,3040.9,
2442,430400,27050.2,148.627472527,6037430400,1218.13260093,1088,224540.594,-305099.563,33.847,67.3,1218.1,
2443,430501,30118.4,165.485714286,6037430501,948.506406189,1089,222456.766,-304036.375,33.152,67.655,948.5,
2444,430502,26732.9,146.884065934,6037430502,2412.519446,1090,222034.859,-305265.906,33.012,67.245,2412.5,
2445,430600,24632.8,135.345054945,6037430600,1254.53053143,1091,222662.188,-306049.219,33.221,66.984,1254.5,
2446,430701,20824.0,114.417582418,6037430701,1793.19588077,1092,221601.406,-307555.938,32.867,66.481,1793.2,
2447,430721,20637.5,113.392857143,6037430721,1011.07247124,1093,223176.156,-307870.875,33.392,66.376,1011.1,
2448,430723,19799.8,108.79010989,6037430723,8628.91190269,1094,221665.125,-308766.063,32.888,66.078,8628.9,
2449,430724,19522.9,107.268681319,6037430724,8648.21827691,1095,221625.828,-309091.344,32.875,65.97,8648.2,
2450,430801,20910.7,114.893956044,6037430801,3883.02459606,1096,224603.297,-307811.5,33.868,66.396,3883.0,
2451,430802,19934.9,109.532417582,6037430802,2346.33011298,1097,225164.016,-309089.5,34.055,65.97,2346.3,
2452,430803,18953.0,104.137362637,6037430803,2483.7363642,1098,224978.859,-310241.375,33.993,65.586,2483.7,
2453,430901,21743.0,119.467032967,6037430901,3729.7043367,1099,225913.172,-307366.656,34.304,66.544,3729.7,
2454,430902,20843.2,114.523076923,6037430902,4054.4325256,1100,225658.297,-308119.969,34.219,66.293,4054.4,
2455,431001,23665.7,130.031318681,6037431001,4276.09926739,1101,226463.969,-306606.75,34.488,66.798,4276.1,
2456,431002,23756.8,130.531868132,6037431002,2343.76367381,1102,228331.25,-306893.344,35.11,66.702,2343.8,
2457,431100,21457.2,117.896703297,6037431100,2425.60265117,1103,227228.141,-307930.844,34.743,66.356,2425.6,
2458,431200,20228.6,111.146153846,6037431200,4571.17787784,1104,227423.906,-309309.469,34.808,65.897,4571.2,
2459,431300,20080.8,110.334065934,6037431300,3509.61776934,1105,226401.828,-309145.125,34.467,65.952,3509.6,
2460,431400,18761.9,103.087362637,6037431400,2296.90332891,1106,226140.125,-310694.156,34.38,65.435,2296.9,
2461,431501,17600.9,96.7082417582,6037431501,4050.53353081,1107,224102.297,-312003.281,33.701,64.999,4050.5,
2462,431502,17983.9,98.8126373626,6037431502,2280.5908776,1108,225170.234,-311685.313,34.057,65.105,2280.6,
2463,431600,18252.2,100.286813187,6037431600,2035.54218999,1109,223188.906,-310896.406,33.396,65.368,2035.5,
2464,431700,19181.6,105.393406593,6037431700,2074.79827617,1110,223196.563,-309673.688,33.399,65.775,2074.8,
2465,431800,18819.9,103.406043956,6037431800,3925.65947227,1111,221482.109,-309908.719,32.827,65.697,3925.7,
2466,431900,18037.0,99.1043956044,6037431900,3793.28233645,1112,221605.234,-310922.406,32.868,65.359,3793.3,
2467,432000,17481.0,96.0494505495,6037432000,3745.06675413,1113,222114.703,-311778.625,33.038,65.074,3745.1,
2468,432101,17147.4,94.2164835165,6037432101,3745.93021979,1114,223214.297,-312448.531,33.405,64.85,3745.9,
2469,432102,16669.1,91.5884615385,6037432102,3085.3526591,1115,221782.594,-312839.094,32.928,64.72,3085.4,
2470,432201,15898.3,87.3532967033,6037432201,3939.23187354,1116,219629.594,-313506.688,32.21,64.498,3939.2,
2471,432202,15944.6,87.6076923077,6037432202,3181.02966665,1117,220656.344,-313641.625,32.552,64.453,3181.0,
2472,432300,16436.0,90.3076923077,6037432300,2136.61133192,1118,223148.094,-313438.656,33.383,64.52,2136.6,
2473,432401,17126.8,94.1032967033,6037432401,3693.08652343,1119,225127.891,-312971.531,34.043,64.676,3693.1,
2474,432402,16612.1,91.2752747253,6037432402,4236.06666977,1120,224575.484,-313601.25,33.858,64.466,4236.1,
2475,432500,17722.6,97.3769230769,6037432500,3035.98230561,1121,226555.328,-312461.063,34.518,64.846,3036.0,
2476,432601,16744.6,92.0032967033,6037432601,4791.66440189,1122,225855.5,-313881.656,34.285,64.373,4791.7,
2477,432602,16955.2,93.1604395604,6037432602,4248.69578525,1123,226686.188,-313913.469,34.562,64.362,4248.7,
2478,432700,15964.2,87.7153846154,6037432700,3109.99926934,1124,224059.531,-314612.5,33.687,64.129,3110.0,
2479,432801,15791.5,86.7664835165,6037432801,3508.27367587,1125,222920.141,-314515.313,33.307,64.162,3508.3,
2480,432802,15797.2,86.7978021978,6037432802,10108.0789539,1126,222325.953,-314335.406,33.109,64.222,10108.1,
2481,432901,15375.9,84.482967033,6037432901,4034.96504337,1127,220738.984,-314623.375,32.58,64.126,4035.0,
2482,432902,15679.3,86.15,6037432902,3539.66219578,1128,221723.375,-314372.5,32.908,64.209,3539.7,
2483,433101,15069.5,82.7994505495,6037433101,1611.92605517,1129,221776.25,-315452.938,32.925,63.849,1611.9,
2485,433200,15446.9,84.8730769231,6037433200,3661.39194302,1131,223865.375,-315494.844,33.622,63.835,3661.4,
2486,433302,15766.7,86.6302197802,6037433302,1877.55189139,1132,225915.125,-315959.688,34.305,63.68,1877.6,
2487,433304,16034.5,88.1016483516,6037433304,6385.87472134,1133,225387.547,-315110.594,34.129,63.963,6385.9,
2488,433305,16181.5,88.9093406593,6037433305,9598.94236464,1134,226039.656,-315154.094,34.347,63.949,9598.9,
2489,433306,16358.9,89.8840659341,6037433306,8215.7441395,1135,226482.984,-315012.375,34.494,63.996,8215.7,
2490,433307,16306.1,89.593956044,6037433307,8016.91347614,1136,226650.609,-315314.625,34.55,63.895,8016.9,
2492,433402,15040.0,82.6373626374,6037433402,8669.26122287,1138,224086.828,-316392.781,33.696,63.536,8669.3,
2493,433403,15419.8,84.7241758242,6037433403,6808.82892881,1139,224768.078,-316019.156,33.923,63.66,6808.8,
2502,433901,15395.5,84.5906593407,6037433901,7784.69257783,1148,225413.5,-316441.844,34.138,63.519,7784.7,
2507,460000,30679.8,168.57032967,6037460000,748.870664518,1153,219294.703,-303790.656,32.098,67.736,748.9,
2508,460100,33059.2,181.643956044,6037460100,1078.68274962,1154,216294.609,-302106.281,31.098,68.298,1078.7,
2509,460200,32983.7,181.229120879,6037460200,1674.59503246,1155,214364.75,-301281.688,30.455,68.573,1674.6,
2510,460301,33152.7,182.157692308,6037460301,976.415490057,1156,212697.078,-300442.094,29.899,68.853,976.4,
2511,460302,29773.0,163.587912088,6037460302,3516.72652564,1157,212478.0,-302012.625,29.826,68.329,3516.7,
2512,460401,33134.6,182.058241758,6037460401,176.654029586,1158,210421.25,-299597.625,29.14,69.134,176.7,
2513,460501,32655.6,179.426373626,6037460501,750.366588255,1159,209209.875,-299519.563,28.737,69.16,750.4,
2514,460502,30055.4,165.13956044,6037460502,1722.32800531,1160,209053.266,-300812.781,28.684,68.729,1722.3,
2516,460700,27254.2,149.748351648,6037460700,700.228412254,1162,208902.813,-302231.406,28.634,68.256,700.2,
2517,460800,22165.2,121.786813187,6037460800,507.421719056,1163,210782.641,-305589.531,29.261,67.137,507.4,
2518,460900,25532.7,140.28956044,6037460900,2957.7536733,1164,212256.594,-303976.781,29.752,67.674,2957.8,
2519,461000,27800.7,152.751098901,6037461000,3513.96704583,1165,212204.609,-302862.219,29.735,68.046,3514.0,
2520,461100,28883.7,158.701648352,6037461100,2562.57286003,1166,214033.625,-302956.375,30.345,68.015,2562.6,
2521,461200,29907.9,164.329120879,6037461200,1875.80873204,1167,216346.016,-303358.094,31.115,67.881,1875.8,
2522,461300,28241.8,155.174725275,6037461300,3527.71497636,1168,216741.922,-304135.031,31.247,67.622,3527.7,
2523,461400,26790.3,147.199450549,6037461400,3316.84599842,1169,215537.516,-304323.406,30.846,67.559,3316.8,
2524,461501,26292.0,144.461538462,6037461501,3907.11038289,1170,214397.203,-304159.594,30.466,67.613,3907.1,
2525,461502,26091.6,143.36043956,6037461502,5710.84744213,1171,213576.719,-304057.313,30.192,67.648,5710.8,
2526,461600,23132.2,127.1,6037461600,3605.20255171,1172,212655.75,-305484.0,29.885,67.172,3605.2,
2527,461700,22136.5,121.629120879,6037461700,722.740938263,1173,212002.188,-305967.969,29.667,67.011,722.7,
2528,461901,22079.0,121.313186813,6037461901,5638.29025455,1174,213403.922,-306341.25,30.135,66.886,5638.3,
2529,461902,21122.2,116.056043956,6037461902,2132.68050143,1175,213486.906,-306960.25,30.162,66.68,2132.7,
2530,462001,23831.7,130.943406593,6037462001,8159.24918544,1176,213831.328,-305356.406,30.277,67.215,8159.2,
2531,462002,23633.0,129.851648352,6037462002,7916.83699942,1177,213420.578,-305371.344,30.14,67.21,7916.8,
2532,462100,24131.0,132.587912088,6037462100,5168.28242089,1178,214452.094,-305334.813,30.484,67.222,5168.3,
2533,462201,22600.2,124.176923077,6037462201,7367.85536441,1179,214481.875,-306262.031,30.494,66.913,7367.9,
2534,462202,21524.5,118.266483516,6037462202,5420.29057073,1180,214504.766,-306912.125,30.502,66.696,5420.3,
2535,462301,23028.0,126.527472527,6037462301,7561.6475765,1181,215384.391,-306228.969,30.795,66.924,7561.6,
2536,462302,21843.9,120.021428571,6037462302,4471.30534147,1182,215423.156,-306874.406,30.808,66.709,4471.3,
2537,462400,24757.9,136.032417582,6037462400,3377.7771765,1183,215386.5,-305293.625,30.795,67.235,3377.8,
2538,462500,26751.9,146.988461538,6037462500,2516.30367819,1184,217615.531,-305005.875,31.539,67.331,2516.3,
2539,462600,24982.6,137.267032967,6037462600,2268.90941003,1185,216589.875,-305537.219,31.197,67.154,2268.9,
2540,462700,22873.2,125.676923077,6037462700,3412.08221242,1186,216529.969,-306527.344,31.177,66.824,3412.1,
2541,462800,23371.0,128.412087912,6037462800,2728.04856646,1187,217565.266,-306462.031,31.522,66.846,2728.0,
2542,462900,23981.9,131.768681319,6037462900,1670.54046845,1188,218743.813,-306262.688,31.915,66.912,1670.5,
2543,463000,24695.8,135.691208791,6037463000,1344.36046609,1189,220087.203,-306062.5,32.362,66.979,1344.4,
2544,463101,20701.7,113.745604396,6037463101,2200.78671404,1190,220564.0,-307645.25,32.521,66.452,2200.8,
2545,463102,20394.7,112.058791209,6037463102,1523.83840182,1191,219630.156,-308011.688,32.21,66.329,1523.8,
2546,463200,20683.3,113.644505495,6037463200,2129.30106452,1192,218844.938,-307733.156,31.948,66.422,2129.3,
2547,463300,20588.6,113.124175824,6037463300,3141.43891896,1193,217669.703,-307873.5,31.557,66.376,3141.4,
2548,463400,20632.3,113.364285714,6037463400,3138.0789449,1194,216713.922,-307722.625,31.238,66.426,3138.1,
2549,463500,20106.4,110.474725275,6037463500,3540.62042555,1195,215442.391,-308033.375,30.814,66.322,3540.6,
2550,463601,20229.1,111.148901099,6037463601,6390.64071916,1196,214539.219,-307792.938,30.513,66.402,6390.6,
2551,463602,19970.4,109.727472527,6037463602,5688.28550513,1197,213714.516,-307820.781,30.238,66.393,5688.3,
2552,463700,19568.4,107.518681319,6037463700,1662.33846502,1198,212535.516,-307882.094,29.845,66.373,1662.3,
2553,463800,18212.6,100.069230769,6037463800,1413.43856561,1199,211105.953,-308637.406,29.369,66.121,1413.4,
2554,463900,18295.0,100.521978022,6037463900,1844.40077631,1200,212639.094,-309046.875,29.88,65.984,1844.4,
2555,464000,18562.7,101.992857143,6037464000,1832.07413408,1201,214355.25,-309275.719,30.452,65.908,1832.1,
2556,464100,18142.0,99.6813186813,6037464100,1173.66367399,1202,216053.531,-309973.938,31.018,65.675,1173.7,
2557,464200,19097.8,104.932967033,6037464200,1756.2595367,1203,217978.5,-309334.688,31.66,65.888,1756.3,
2558,480002,18634.4,102.386813187,6037480002,2684.10302416,1204,219208.453,-309889.781,32.069,65.703,2684.1,
2559,480011,19310.8,106.103296703,6037480011,4910.96796837,1205,220186.25,-309212.938,32.395,65.929,4911.0,
2560,480012,18525.2,101.786813187,6037480012,3941.17943624,1206,220309.734,-310116.219,32.437,65.628,3941.2,
2561,480101,17777.0,97.6758241758,6037480101,3643.29822017,1207,220395.672,-311076.469,32.465,65.308,3643.3,
2562,480102,17548.9,96.4225274725,6037480102,3570.36569361,1208,219352.563,-311219.688,32.118,65.26,3570.4,
2563,480201,17195.6,94.4813186813,6037480201,2561.38773611,1209,217032.75,-311282.313,31.344,65.239,2561.4,
2564,480202,17453.5,95.8983516484,6037480202,1763.96965856,1210,218229.688,-311176.094,31.743,65.275,1764.0,
2565,480302,16400.7,90.1137362637,6037480302,4076.92826275,1211,216032.031,-312074.844,31.011,64.975,4076.9,
2566,480303,15567.7,85.5368131868,6037480303,8137.54104831,1212,214593.781,-312796.688,30.531,64.734,8137.5,
2567,480304,15785.9,86.7357142857,6037480304,9881.7728629,1213,215158.094,-312659.719,30.719,64.78,9881.8,
2568,480400,16412.9,90.1807692308,6037480400,4471.43943493,1214,215084.25,-311803.031,30.695,65.066,4471.4,
2569,480500,16414.2,90.1879120879,6037480500,2693.1130866,1215,213908.969,-311378.781,30.303,65.207,2693.1,
2570,480600,17085.9,93.8785714286,6037480600,3456.08318739,1216,212832.609,-310190.594,29.944,65.603,3456.1,
2571,480702,15318.4,84.167032967,6037480702,2105.37889432,1217,211649.641,-311795.25,29.55,65.068,2105.4,
2572,480703,15980.1,87.8027472527,6037480703,3044.03873171,1218,212411.781,-311292.594,29.804,65.236,3044.0,
2573,480704,15919.5,87.4697802198,6037480704,4374.58352544,1219,213119.203,-311674.469,30.04,65.109,4374.6,
2576,480804,15310.2,84.121978022,6037480804,6427.75620985,1222,213725.156,-312741.719,30.242,64.753,6427.8,
2580,481001,15130.7,83.1357142857,6037481001,3861.51052257,1226,215304.344,-313582.813,30.768,64.472,3861.5,
2581,481002,15970.7,87.7510989011,6037481002,5974.43413316,1227,216306.844,-312728.75,31.102,64.757,5974.4,
2582,481101,16535.4,90.8538461538,6037481101,4402.97457125,1228,217384.766,-312267.188,31.462,64.911,4403.0,
2583,481102,16758.7,92.0807692308,6037481102,6111.62666639,1229,218515.703,-312155.406,31.839,64.948,6111.6,
2584,481103,16197.7,88.9983516484,6037481103,3953.05831422,1230,218181.094,-312862.563,31.727,64.712,3953.1,
2585,481201,16882.1,92.7587912088,6037481201,3777.78084089,1231,220646.063,-312331.75,32.549,64.889,3777.8,
2586,481202,16781.3,92.2049450549,6037481202,4396.65385931,1232,219696.094,-312313.125,32.232,64.896,4396.7,
2587,481300,15163.7,83.317032967,6037481300,3635.69808143,1233,219682.063,-314696.281,32.227,64.101,3635.7,
2588,481401,15334.2,84.2538461538,6037481401,5221.10157154,1234,217707.141,-313997.313,31.569,64.334,5221.1,
2589,481402,15479.5,85.0521978022,6037481402,4062.77966879,1235,218712.516,-313980.156,31.904,64.34,4062.8,
2590,481500,15083.2,82.8747252747,6037481500,2084.25256301,1236,216913.203,-314132.406,31.304,64.289,2084.3,
2591,481603,15072.2,82.8142857143,6037481603,5970.11063465,1237,216233.328,-313938.906,31.078,64.354,5970.1,
2228,400205,37065.7,203.657692308,6037400205,142.268213121,0,252645.391,-305800.156,43.215,67.067,142.3,
2229,400206,32890.8,180.718681319,6037400206,1494.13194954,1,252804.188,-308035.375,43.268,66.322,1494.1,
2260,401800,30535.6,167.778021978,6037401800,1286.2822512,2,252780.266,-309452.688,43.26,65.849,1286.3,
2261,401901,28792.2,158.198901099,6037401901,2745.13015479,3,253549.344,-310926.031,43.516,65.358,2745.1,
2263,402001,27198.9,149.444505495,6037402001,2189.81320245,4,252175.438,-312436.031,43.058,64.855,2189.8,
2264,402002,27636.1,151.846703297,6037402002,2452.47033881,5,253163.406,-312388.313,43.388,64.871,2452.5,
2282,402706,26242.2,144.187912088,6037402706,3844.72309458,6,252584.75,-314135.313,43.195,64.288,3844.7,
5814,401701,29266.5,160.804945055,6037401701,2252.7229994,0,0.0,0.0,0.0,0.0,0.0,
5815,401703,26866.1,147.615934066,6037401703,3730.90755635,0,0.0,0.0,0.0,0.0,0.0,
5816,401704,27507.7,151.141208791,6037401704,3305.84607186,0,0.0,0.0,0.0,0.0,0.0,
5819,401902,28148.8,154.663736264,6037401902,2286.43390864,0,0.0,0.0,0.0,0.0,0.0,
5822,402101,26376.1,144.923626374,6037402101,4004.02967708,0,0.0,0.0,0.0,0.0,0.0,
5823,402102,25554.5,140.409340659,6037402102,2159.05641747,0,0.0,0.0,0.0,0.0,0.0,
5826,402303,24293.8,133.482417582,6037402303,4550.87070435,0,0.0,0.0,0.0,0.0,0.0,
5835,402600,24941.8,137.042857143,6037402600,3415.54064142,0,0.0,0.0,0.0,0.0,0.0,
5836,402702,25587.2,140.589010989,6037402702,4271.9053347,0,0.0,0.0,0.0,0.0,0.0,
5837,402703,25589.9,140.603846154,6037402703,4564.77311288,0,0.0,0.0,0.0,0.0,0.0,
5838,402705,25580.1,140.55,6037402705,4036.04684256,0,0.0,0.0,0.0,0.0,0.0,
5840,402801,24583.5,135.074175824,6037402801,2973.85548975,0,0.0,0.0,0.0,0.0,0.0,
5841,402803,23639.2,129.885714286,6037402803,5541.4964418,0,0.0,0.0,0.0,0.0,0.0,
5842,402804,24472.4,134.463736264,6037402804,3250.57515062,0,0.0,0.0,0.0,0.0,0.0,
5843,402902,22692.9,124.686263736,6037402902,3597.80956578,0,0.0,0.0,0.0,0.0,0.0,
5844,402903,23571.2,129.512087912,6037402903,2719.95210775,0,0.0,0.0,0.0,0.0,0.0,
5846,403000,21814.9,119.862087912,6037403000,3028.30107875,0,0.0,0.0,0.0,0.0,0.0,
5991,408800,23860.2,131.1,6037408800,2271.77611403,0,0.0,0.0,0.0,0.0,0.0,
5814,401701,29266.5,160.804945055,6037401701,2252.7229994,0,0.0,0.0,0.0,0.0,0.0,
5815,401703,26866.1,147.615934066,6037401703,3730.90755635,0,0.0,0.0,0.0,0.0,0.0,
5816,401704,27507.7,151.141208791,6037401704,3305.84607186,0,0.0,0.0,0.0,0.0,0.0,
5819,401902,28148.8,154.663736264,6037401902,2286.43390864,0,0.0,0.0,0.0,0.0,0.0,
5822,402101,26376.1,144.923626374,6037402101,4004.02967708,0,0.0,0.0,0.0,0.0,0.0,
5823,402102,25554.5,140.409340659,6037402102,2159.05641747,0,0.0,0.0,0.0,0.0,0.0,
5826,402303,24293.8,133.482417582,6037402303,4550.87070435,0,0.0,0.0,0.0,0.0,0.0,
5835,402600,24941.8,137.042857143,6037402600,3415.54064142,0,0.0,0.0,0.0,0.0,0.0,
5836,402702,25587.2,140.589010989,6037402702,4271.9053347,0,0.0,0.0,0.0,0.0,0.0,
5837,402703,25589.9,140.603846154,6037402703,4564.77311288,0,0.0,0.0,0.0,0.0,0.0,
5838,402705,25580.1,140.55,6037402705,4036.04684256,0,0.0,0.0,0.0,0.0,0.0,
5840,402801,24583.5,135.074175824,6037402801,2973.85548975,0,0.0,0.0,0.0,0.0,0.0,
5841,402803,23639.2,129.885714286,6037402803,5541.4964418,0,0.0,0.0,0.0,0.0,0.0,
5842,402804,24472.4,134.463736264,6037402804,3250.57515062,0,0.0,0.0,0.0,0.0,0.0,
5843,402902,22692.9,124.686263736,6037402902,3597.80956578,0,0.0,0.0,0.0,0.0,0.0,
5844,402903,23571.2,129.512087912,6037402903,2719.95210775,0,0.0,0.0,0.0,0.0,0.0,
5846,403000,21814.9,119.862087912,6037403000,3028.30107875,0,0.0,0.0,0.0,0.0,0.0,
5991,408800,23860.2,131.1,6037408800,2271.77611403,0,0.0,0.0,0.0,0.0,0.0,
