CT10,TractSNAP,Pop2010
911001.0,87.0,4201.0
980003.0,0.0,2.0
930301.0,12.0,886.0
573003.0,46.0,1802.0
297602.0,119.0,3503.0
297601.0,78.0,2594.0
577504.0,0.0,1448.0
576903.0,210.0,3802.0
576302.0,404.0,4101.0
576301.0,258.0,4176.0
576001.0,22.0,4969.0
293306.0,35.0,2189.0
295103.0,24.0,4875.0
980015.0,42.0,554.0
670602.0,29.0,7345.0
670416.0,15.0,4139.0
670328.0,12.0,4504.0
670326.0,0.0,3807.0
670324.0,0.0,5127.0
651402.0,37.0,6050.0
651401.0,7.0,2614.0
297202.0,145.0,3423.0
297201.0,148.0,3475.0
296902.0,117.0,3851.0
296901.0,232.0,4127.0
296402.0,123.0,3091.0
296401.0,0.0,3191.0
294701.0,203.0,3019.0
294421.0,166.0,2950.0
294302.0,150.0,4754.0
670001.0,135.0,3311.0
294301.0,40.0,2448.0
293307.0,90.0,2306.0
543703.0,66.0,3472.0
297300.0,21.0,2374.0
297120.0,52.0,3315.0
296500.0,202.0,3910.0
297110.0,344.0,4679.0
297400.0,8.0,3603.0
297500.0,10.0,5163.0
609900.0,47.0,2034.0
296220.0,408.0,4307.0
670413.0,0.0,4782.0
574500.0,16.0,6357.0
574901.0,0.0,3725.0
577100.0,110.0,6700.0
575002.0,90.0,4627.0
294820.0,235.0,3579.0
293304.0,156.0,4178.0
293302.0,239.0,4720.0
670403.0,5.0,2407.0
574400.0,24.0,5141.0
576802.0,83.0,3992.0
576801.0,113.0,4325.0
576700.0,112.0,4047.0
576601.0,96.0,4399.0
576602.0,102.0,3995.0
576501.0,233.0,3369.0
576503.0,105.0,4454.0
576200.0,538.0,6158.0
576401.0,340.0,4779.0
576403.0,399.0,5033.0
294110.0,117.0,4140.0
294610.0,208.0,4065.0
543604.0,51.0,5620.0
576502.0,266.0,4543.0
294620.0,249.0,4219.0
294410.0,407.0,4579.0
294200.0,89.0,4951.0
572202.0,80.0,3609.0
670701.0,31.0,6882.0
670002.0,40.0,4001.0
294520.0,196.0,3564.0
296600.0,326.0,5218.0
575103.0,249.0,5119.0
576402.0,374.0,5181.0
575902.0,392.0,4762.0
575401.0,351.0,5155.0
575901.0,243.0,3454.0
575102.0,319.0,4510.0
575803.0,221.0,2837.0
297000.0,51.0,5343.0
575801.0,197.0,2446.0
294830.0,245.0,3707.0
294510.0,176.0,4214.0
294900.0,207.0,3265.0
296210.0,128.0,3019.0
294810.0,278.0,3991.0
577501.0,0.0,3435.0
575201.0,296.0,4667.0
575202.0,357.0,4916.0
296300.0,76.0,4221.0
980033.0,0.0,61.0
980031.0,0.0,1262.0
670405.0,0.0,2646.0
670702.0,11.0,5477.0
670500.0,3.0,1860.0
651302.0,81.0,6311.0
575402.0,278.0,4065.0
573002.0,230.0,3990.0
577200.0,88.0,5414.0
573402.0,188.0,6430.0
575802.0,451.0,5167.0
573403.0,19.0,3208.0
575500.0,16.0,76.0
574202.0,31.0,2161.0
574201.0,13.0,3117.0
574601.0,0.0,1863.0
670406.0,0.0,1903.0
670202.0,4.0,2594.0
670003.0,133.0,5788.0
670411.0,0.0,4427.0
572600.0,111.0,5370.0
573300.0,282.0,4323.0
575300.0,502.0,4947.0
572900.0,361.0,5250.0
573201.0,133.0,4930.0
573100.0,300.0,7165.0
572700.0,89.0,5499.0
572800.0,74.0,839.0
577000.0,198.0,6995.0
573202.0,332.0,6230.0
543603.0,65.0,3690.0
294120.0,118.0,2370.0
980014.0,0.0,239.0
651101.0,18.0,5103.0
670100.0,254.0,6659.0
670407.0,116.0,5758.0
599100.0,0.0,527.0
670201.0,0.0,3852.0
574700.0,0.0,117.0
574602.0,5.0,1277.0
574800.0,21.0,3000.0
599000.0,162.0,3569.0
577603.0,0.0,8255.0
577400.0,29.0,3253.0
577602.0,0.0,3441.0
577300.0,74.0,5547.0
577604.0,5.0,1388.0
576904.0,65.0,3288.0
573004.0,250.0,5153.0
576901.0,346.0,6092.0
575101.0,214.0,4754.0
575001.0,33.0,3608.0
574902.0,87.0,4783.0
574300.0,13.0,5795.0
920336.0,292.0,7027.0
920044.0,20.0,2686.0
910813.0,35.0,3535.0
910716.0,158.0,6117.0
910715.0,293.0,6702.0
910714.0,121.0,3596.0
910711.0,384.0,7585.0
910606.0,176.0,2970.0
910605.0,269.0,4535.0
910505.0,126.0,3064.0
910504.0,246.0,4797.0
901011.0,125.0,5069.0
901010.0,312.0,5913.0
901009.0,122.0,5318.0
900609.0,185.0,5243.0
900608.0,72.0,3536.0
900507.0,274.0,7669.0
900506.0,93.0,4352.0
900505.0,143.0,4002.0
106406.0,13.0,4962.0
920118.0,32.0,6117.0
920114.0,39.0,6490.0
900201.0,52.0,1261.0
920337.0,274.0,7257.0
900803.0,242.0,8284.0
900805.0,200.0,5089.0
901007.0,15.0,2258.0
901101.0,126.0,5496.0
900501.0,166.0,6764.0
901004.0,203.0,12544.0
901102.0,83.0,5557.0
920015.0,29.0,6353.0
910201.0,190.0,3549.0
910302.0,58.0,6387.0
910402.0,308.0,3751.0
910403.0,206.0,2235.0
910501.0,605.0,5339.0
910601.0,391.0,6460.0
910502.0,234.0,4086.0
910401.0,100.0,6608.0
910603.0,295.0,7075.0
900300.0,75.0,4514.0
910404.0,211.0,4130.0
910602.0,292.0,3995.0
910706.0,198.0,6022.0
910707.0,320.0,4329.0
920326.0,60.0,6840.0
980004.0,0.0,169.0
920338.0,54.0,5721.0
920119.0,0.0,1896.0
920116.0,13.0,5181.0
920045.0,40.0,4622.0
910713.0,182.0,5324.0
910712.0,61.0,2772.0
910210.0,111.0,7103.0
106111.0,47.0,4334.0
106603.0,8.0,2979.0
910209.0,99.0,4397.0
910208.0,117.0,6340.0
910207.0,127.0,6023.0
910101.0,111.0,1684.0
901210.0,11.0,1591.0
901008.0,52.0,2874.0
900508.0,93.0,3334.0
920332.0,23.0,2337.0
106510.0,59.0,5108.0
910205.0,28.0,1371.0
910705.0,253.0,11415.0
910206.0,70.0,3246.0
920328.0,7.0,1990.0
920330.0,39.0,5349.0
920329.0,29.0,5460.0
920303.0,13.0,1446.0
920312.0,124.0,5268.0
920313.0,69.0,6010.0
920314.0,10.0,2909.0
901205.0,219.0,10466.0
910807.0,105.0,5489.0
920023.0,34.0,2598.0
920200.0,0.0,6920.0
920104.0,27.0,2798.0
920016.0,0.0,4904.0
920028.0,71.0,5684.0
910805.0,60.0,4839.0
920038.0,154.0,4430.0
920035.0,133.0,7720.0
920334.0,134.0,6598.0
920042.0,111.0,6769.0
910809.0,8.0,2235.0
920018.0,24.0,2277.0
910301.0,26.0,4219.0
106020.0,107.0,5557.0
920034.0,30.0,3628.0
910808.0,55.0,3537.0
920017.0,4.0,4342.0
930200.0,19.0,546.0
910202.0,105.0,5223.0
920115.0,47.0,4149.0
920102.0,271.0,5668.0
920030.0,114.0,5818.0
920037.0,441.0,7131.0
920041.0,66.0,2871.0
920031.0,107.0,5301.0
920111.0,7.0,3246.0
920112.0,35.0,4287.0
920012.0,32.0,1072.0
920011.0,0.0,286.0
910812.0,0.0,464.0
910811.0,0.0,305.0
901213.0,21.0,3553.0
901209.0,42.0,1633.0
900602.0,142.0,5214.0
900504.0,66.0,5816.0
900606.0,180.0,3721.0
900605.0,243.0,7100.0
920108.0,37.0,3439.0
920106.0,109.0,3110.0
920107.0,34.0,3954.0
920109.0,48.0,4493.0
920331.0,52.0,4075.0
920110.0,0.0,5010.0
910804.0,45.0,3295.0
910709.0,20.0,1650.0
920033.0,13.0,515.0
920040.0,75.0,3352.0
920013.0,31.0,4306.0
920039.0,7.0,1896.0
106010.0,55.0,3152.0
930101.0,0.0,119.0
920339.0,61.0,7377.0
900607.0,119.0,3904.0
900704.0,139.0,3050.0
900703.0,139.0,4375.0
900701.0,207.0,5289.0
900705.0,71.0,4285.0
900804.0,162.0,3489.0
900806.0,172.0,3620.0
900900.0,27.0,3813.0
901003.0,0.0,6188.0
920026.0,0.0,419.0
920043.0,33.0,5711.0
910810.0,25.0,2765.0
920032.0,23.0,2897.0
920036.0,70.0,3419.0
920029.0,58.0,3574.0
920020.0,58.0,6954.0
920322.0,18.0,2895.0
139504.0,150.0,3476.0
139503.0,198.0,4657.0
139401.0,98.0,2645.0
137103.0,118.0,4199.0
134905.0,75.0,2819.0
134522.0,281.0,3954.0
135114.0,136.0,4445.0
135113.0,56.0,2795.0
134903.0,172.0,4216.0
134521.0,127.0,3126.0
131701.0,268.0,4541.0
128801.0,41.0,3307.0
127712.0,72.0,2991.0
127606.0,105.0,3164.0
127604.0,48.0,2939.0
120108.0,357.0,4838.0
106645.0,45.0,3389.0
120107.0,314.0,3818.0
120106.0,227.0,4417.0
120104.0,125.0,2310.0
120103.0,215.0,3287.0
119342.0,126.0,3180.0
119341.0,66.0,2719.0
117408.0,221.0,2830.0
117407.0,287.0,3636.0
117201.0,181.0,4352.0
117102.0,78.0,2631.0
117101.0,169.0,4796.0
800506.0,0.0,3074.0
800504.0,21.0,2497.0
800410.0,0.0,3627.0
800408.0,0.0,7122.0
800406.0,22.0,2644.0
800332.0,0.0,6665.0
800330.0,4.0,942.0
800329.0,52.0,6421.0
267404.0,13.0,2806.0
113237.0,49.0,3661.0
111205.0,23.0,3375.0
108202.0,13.0,4895.0
106649.0,63.0,2853.0
106646.0,31.0,3237.0
800327.0,14.0,5305.0
702102.0,129.0,6306.0
702002.0,199.0,5700.0
701902.0,125.0,4016.0
127805.0,156.0,3768.0
127605.0,202.0,3549.0
120105.0,90.0,2812.0
115103.0,0.0,2776.0
113235.0,42.0,1602.0
980024.0,4.0,186.0
980023.0,0.0,8.0
980022.0,0.0,4.0
701402.0,24.0,6696.0
320201.0,312.0,3756.0
701304.0,27.0,6374.0
108201.0,13.0,5551.0
265202.0,0.0,3611.0
264102.0,10.0,2873.0
800203.0,17.0,5643.0
262704.0,18.0,3567.0
113422.0,131.0,6057.0
119202.0,122.0,4707.0
119201.0,197.0,4137.0
117202.0,21.0,2471.0
115404.0,90.0,2913.0
115403.0,111.0,3188.0
115104.0,40.0,4444.0
113102.0,0.0,2828.0
113101.0,59.0,3558.0
111206.0,25.0,4490.0
109604.0,22.0,2975.0
109603.0,122.0,4252.0
106648.0,156.0,3890.0
106408.0,150.0,3463.0
106405.0,116.0,3966.0
106643.0,39.0,4320.0
134306.0,147.0,3498.0
127220.0,210.0,4931.0
127300.0,169.0,4460.0
127400.0,352.0,5818.0
127910.0,158.0,4769.0
128210.0,354.0,4822.0
128400.0,98.0,4114.0
134104.0,127.0,4322.0
131400.0,155.0,5897.0
131800.0,135.0,5341.0
132300.0,372.0,6494.0
127210.0,207.0,5531.0
262301.0,0.0,2744.0
108104.0,6.0,1698.0
701202.0,17.0,3268.0
278102.0,8.0,3158.0
980008.0,0.0,145.0
141500.0,0.0,2984.0
271400.0,0.0,3391.0
271300.0,106.0,4506.0
271200.0,64.0,2525.0
139502.0,53.0,3007.0
134303.0,114.0,5057.0
133000.0,148.0,4449.0
132700.0,183.0,4912.0
131900.0,33.0,4210.0
133100.0,188.0,5446.0
134101.0,183.0,4922.0
134103.0,122.0,4193.0
131300.0,164.0,4902.0
134201.0,178.0,4270.0
131100.0,45.0,3252.0
131010.0,130.0,6409.0
134304.0,25.0,2882.0
134302.0,29.0,3732.0
134305.0,149.0,3847.0
134422.0,30.0,4684.0
272100.0,114.0,4354.0
139802.0,32.0,3865.0
139801.0,0.0,3539.0
135102.0,45.0,3513.0
139702.0,0.0,6250.0
113213.0,68.0,4316.0
138000.0,6.0,4484.0
134710.0,234.0,5287.0
134520.0,313.0,5453.0
134720.0,91.0,4594.0
134800.0,35.0,5949.0
134901.0,59.0,3069.0
135111.0,85.0,2967.0
135201.0,9.0,2620.0
701502.0,28.0,3841.0
701701.0,38.0,3196.0
701100.0,33.0,746.0
701302.0,47.0,4684.0
701601.0,34.0,4165.0
701801.0,227.0,5867.0
701602.0,30.0,4037.0
701501.0,34.0,4986.0
701702.0,27.0,3106.0
128910.0,38.0,4083.0
128702.0,72.0,5639.0
128302.0,258.0,4688.0
128303.0,263.0,3982.0
106604.0,153.0,5020.0
702901.0,23.0,8866.0
701201.0,0.0,4433.0
274202.0,46.0,4337.0
273902.0,0.0,4227.0
273502.0,17.0,2884.0
273402.0,45.0,3172.0
272202.0,98.0,3378.0
141304.0,40.0,2738.0
141303.0,54.0,3089.0
141202.0,0.0,2800.0
141201.0,77.0,3707.0
139402.0,12.0,2851.0
139001.0,122.0,4767.0
137104.0,67.0,2717.0
134904.0,194.0,4338.0
702300.0,121.0,6364.0
139600.0,45.0,4633.0
702201.0,16.0,4483.0
702202.0,61.0,3751.0
701802.0,105.0,4463.0
137501.0,39.0,4124.0
137402.0,18.0,5364.0
111201.0,53.0,3410.0
109800.0,77.0,4565.0
111100.0,58.0,2982.0
800331.0,0.0,766.0
134424.0,3.0,2887.0
134423.0,13.0,3414.0
134002.0,119.0,3372.0
134001.0,120.0,3765.0
132502.0,149.0,3672.0
132501.0,174.0,3763.0
132102.0,281.0,5310.0
132101.0,93.0,4259.0
132002.0,104.0,3299.0
132001.0,47.0,3202.0
131702.0,94.0,3751.0
128802.0,22.0,4325.0
134421.0,11.0,3941.0
111204.0,8.0,5859.0
113212.0,86.0,3069.0
113234.0,194.0,4667.0
113211.0,22.0,3787.0
113232.0,0.0,3894.0
113321.0,270.0,5473.0
113231.0,9.0,2125.0
113301.0,41.0,2201.0
113303.0,77.0,4006.0
113401.0,47.0,5543.0
273100.0,20.0,2197.0
267403.0,36.0,3011.0
264103.0,8.0,2319.0
262802.0,0.0,3759.0
262706.0,10.0,3563.0
262604.0,18.0,6092.0
262501.0,0.0,3662.0
128601.0,99.0,4288.0
128102.0,187.0,4795.0
127806.0,246.0,3447.0
127804.0,119.0,3933.0
127803.0,247.0,4037.0
127711.0,121.0,3356.0
127603.0,187.0,2938.0
113322.0,9.0,3947.0
113421.0,289.0,6109.0
115201.0,117.0,6437.0
115302.0,174.0,4351.0
115202.0,76.0,4828.0
115101.0,35.0,5046.0
117301.0,70.0,3851.0
117302.0,179.0,4914.0
117404.0,60.0,4279.0
115401.0,173.0,5776.0
119320.0,194.0,4694.0
117510.0,287.0,4028.0
119340.0,260.0,3884.0
119310.0,189.0,3871.0
127102.0,170.0,4726.0
800101.0,30.0,5485.0
800102.0,66.0,7078.0
800202.0,33.0,6319.0
109400.0,55.0,3720.0
261200.0,9.0,4341.0
262100.0,0.0,3586.0
262400.0,0.0,3233.0
262303.0,7.0,3290.0
262302.0,0.0,2818.0
106403.0,96.0,3825.0
107010.0,79.0,3247.0
106641.0,13.0,2317.0
107020.0,134.0,5404.0
108101.0,11.0,2230.0
117530.0,375.0,5641.0
117405.0,297.0,3442.0
120010.0,99.0,2844.0
119900.0,44.0,4940.0
120030.0,143.0,2675.0
120300.0,121.0,5531.0
120020.0,222.0,4057.0
117520.0,273.0,4052.0
127520.0,280.0,4045.0
135202.0,104.0,4255.0
135203.0,42.0,7055.0
137302.0,8.0,4338.0
132900.0,92.0,3461.0
131200.0,52.0,3429.0
131600.0,99.0,5494.0
137301.0,0.0,2264.0
137201.0,116.0,5270.0
137504.0,7.0,1939.0
137401.0,32.0,4157.0
106520.0,110.0,5837.0
264301.0,96.0,4646.0
265520.0,108.0,4561.0
262601.0,9.0,3660.0
265305.0,0.0,4082.0
265420.0,0.0,1811.0
265303.0,20.0,4523.0
265304.0,31.0,3570.0
264000.0,0.0,3358.0
265510.0,27.0,4234.0
980019.0,0.0,173.0
113233.0,314.0,6655.0
108102.0,11.0,3430.0
108103.0,0.0,3256.0
109300.0,17.0,3085.0
109200.0,16.0,2669.0
109500.0,167.0,4303.0
111202.0,30.0,5213.0
111301.0,340.0,7087.0
111302.0,120.0,4786.0
111400.0,195.0,7560.0
109700.0,0.0,4493.0
139303.0,216.0,4186.0
139301.0,8.0,4462.0
137502.0,35.0,4202.0
139302.0,162.0,4422.0
139200.0,62.0,5175.0
139701.0,35.0,4920.0
139703.0,6.0,2943.0
131020.0,116.0,5698.0
141400.0,57.0,4412.0
141302.0,0.0,5504.0
109100.0,42.0,2492.0
320300.0,303.0,6948.0
265410.0,0.0,1576.0
265301.0,0.0,9344.0
264302.0,6.0,5683.0
267300.0,92.0,3680.0
267402.0,15.0,4580.0
267501.0,86.0,5379.0
267502.0,116.0,3243.0
267600.0,94.0,2549.0
109601.0,79.0,5020.0
141700.0,7.0,3091.0
267700.0,29.0,2990.0
800325.0,12.0,3407.0
262200.0,0.0,4675.0
106642.0,43.0,3236.0
800324.0,8.0,6664.0
800326.0,59.0,4972.0
273700.0,33.0,2801.0
273600.0,32.0,2413.0
273200.0,86.0,3711.0
273300.0,123.0,3695.0
273800.0,18.0,3107.0
274100.0,0.0,4418.0
275400.0,69.0,3349.0
117303.0,15.0,3512.0
115301.0,116.0,4156.0
800328.0,45.0,2640.0
800204.0,0.0,6740.0
128500.0,72.0,4015.0
141600.0,0.0,4029.0
571704.0,238.0,4107.0
570403.0,408.0,4587.0
544002.0,67.0,3142.0
544001.0,172.0,4791.0
543905.0,235.0,4510.0
650901.0,160.0,5928.0
650401.0,15.0,4472.0
650004.0,97.0,4005.0
650003.0,94.0,3158.0
621326.0,0.0,3260.0
621324.0,7.0,3842.0
621204.0,18.0,3230.0
621104.0,8.0,6649.0
621004.0,80.0,4762.0
620904.0,0.0,2888.0
620305.0,0.0,6227.0
543306.0,126.0,7214.0
542106.0,178.0,3373.0
542105.0,306.0,5200.0
570404.0,172.0,3501.0
265602.0,7.0,3042.0
276604.0,10.0,3983.0
276603.0,41.0,5252.0
269907.0,73.0,2761.0
269906.0,34.0,2878.0
267901.0,0.0,2428.0
604002.0,108.0,5078.0
604001.0,121.0,4470.0
603802.0,110.0,4153.0
603801.0,87.0,4483.0
603006.0,56.0,2035.0
603005.0,314.0,5591.0
602802.0,118.0,4304.0
602801.0,102.0,3819.0
602509.0,115.0,4118.0
602508.0,275.0,7022.0
602302.0,22.0,3477.0
600304.0,330.0,3424.0
535002.0,232.0,3681.0
535001.0,214.0,4325.0
533001.0,287.0,4527.0
275602.0,76.0,6470.0
275101.0,19.0,1177.0
241201.0,188.0,2898.0
239801.0,277.0,3412.0
234901.0,279.0,2999.0
212501.0,89.0,2165.0
234502.0,141.0,2698.0
234501.0,74.0,2728.0
219901.0,211.0,5234.0
212701.0,83.0,2430.0
208301.0,131.0,2201.0
207502.0,141.0,2589.0
207301.0,399.0,4521.0
207102.0,132.0,2553.0
207101.0,130.0,3047.0
207501.0,18.0,2218.0
207302.0,452.0,3791.0
206031.0,17.0,2957.0
980028.0,0.0,4.0
651304.0,72.0,5114.0
278001.0,55.0,2458.0
240401.0,503.0,5383.0
237102.0,202.0,3254.0
534803.0,192.0,4930.0
534802.0,94.0,2875.0
533403.0,97.0,2973.0
533402.0,216.0,4105.0
533300.0,196.0,3558.0
543321.0,72.0,5418.0
541500.0,362.0,5836.0
542401.0,220.0,4912.0
543702.0,184.0,7083.0
541100.0,166.0,3321.0
206020.0,19.0,7883.0
207710.0,33.0,2490.0
207400.0,0.0,1363.0
206300.0,693.0,7540.0
208902.0,135.0,2339.0
602600.0,265.0,7910.0
219800.0,121.0,3310.0
219010.0,116.0,2814.0
218900.0,396.0,5464.0
220100.0,152.0,2334.0
219700.0,139.0,4306.0
221220.0,178.0,3378.0
219020.0,240.0,4798.0
221110.0,257.0,3565.0
221120.0,188.0,3373.0
221302.0,270.0,4403.0
221500.0,269.0,3507.0
221900.0,124.0,3664.0
221820.0,20.0,3095.0
221810.0,88.0,2773.0
222100.0,158.0,3877.0
222200.0,165.0,3965.0
222600.0,325.0,5631.0
536103.0,270.0,5516.0
533002.0,99.0,2822.0
530801.0,155.0,6325.0
530901.0,79.0,4080.0
531101.0,171.0,5091.0
531201.0,174.0,5335.0
531202.0,108.0,4747.0
533202.0,104.0,2762.0
533502.0,88.0,2143.0
533201.0,83.0,2805.0
533503.0,137.0,1920.0
534804.0,99.0,3878.0
602900.0,208.0,4427.0
602301.0,96.0,6265.0
603704.0,351.0,6348.0
620001.0,25.0,3943.0
600302.0,170.0,3317.0
603703.0,28.0,2703.0
603900.0,309.0,7527.0
603600.0,0.0,4037.0
222500.0,276.0,4963.0
222700.0,4.0,3748.0
224010.0,229.0,2433.0
224020.0,226.0,2789.0
224410.0,142.0,3140.0
224320.0,248.0,3224.0
224310.0,99.0,2025.0
702400.0,63.0,4541.0
702801.0,19.0,5205.0
535804.0,286.0,5498.0
535803.0,169.0,4458.0
535502.0,215.0,4958.0
535701.0,272.0,6050.0
535603.0,213.0,3493.0
535501.0,262.0,3866.0
535503.0,120.0,2497.0
535604.0,243.0,4435.0
535606.0,58.0,1860.0
535902.0,149.0,6519.0
535702.0,285.0,5522.0
535901.0,170.0,5757.0
604100.0,230.0,7058.0
601502.0,176.0,3963.0
603101.0,115.0,4244.0
603102.0,123.0,4084.0
603200.0,61.0,2777.0
603301.0,55.0,3828.0
603302.0,32.0,3804.0
603702.0,22.0,5087.0
224420.0,146.0,2369.0
224600.0,208.0,3425.0
224700.0,27.0,4856.0
226410.0,292.0,3491.0
226420.0,397.0,4906.0
226700.0,545.0,6170.0
227010.0,372.0,4662.0
650102.0,10.0,2248.0
650200.0,53.0,5783.0
650602.0,16.0,7161.0
650502.0,27.0,4294.0
650501.0,9.0,3063.0
269000.0,15.0,5138.0
269500.0,16.0,4043.0
269300.0,22.0,3885.0
269700.0,19.0,4085.0
269800.0,8.0,3458.0
270100.0,45.0,4412.0
702802.0,34.0,2282.0
702502.0,26.0,4048.0
702700.0,11.0,3440.0
702803.0,63.0,2963.0
535802.0,250.0,6814.0
540101.0,228.0,6483.0
536000.0,140.0,3720.0
535605.0,231.0,4153.0
700902.0,13.0,6517.0
700901.0,18.0,3856.0
702501.0,0.0,4625.0
541400.0,451.0,7312.0
650603.0,36.0,3958.0
650702.0,9.0,4590.0
650800.0,105.0,7074.0
650701.0,17.0,2521.0
651221.0,89.0,3291.0
650902.0,62.0,7103.0
651201.0,0.0,5056.0
270200.0,93.0,3761.0
270300.0,23.0,2364.0
271100.0,35.0,2449.0
271600.0,89.0,4475.0
271500.0,9.0,2937.0
271701.0,54.0,5850.0
271801.0,38.0,3635.0
271702.0,56.0,4134.0
703002.0,177.0,6605.0
231300.0,290.0,5348.0
228710.0,238.0,4235.0
228720.0,290.0,4492.0
229100.0,302.0,4557.0
229300.0,377.0,5498.0
229410.0,297.0,3343.0
229420.0,307.0,4729.0
231800.0,442.0,5303.0
231100.0,287.0,3350.0
231900.0,516.0,5968.0
231210.0,346.0,3688.0
231720.0,280.0,4966.0
232400.0,317.0,6957.0
232300.0,237.0,3926.0
232200.0,155.0,3119.0
232110.0,196.0,3191.0
277200.0,74.0,2490.0
291110.0,297.0,3510.0
703001.0,24.0,5889.0
231600.0,388.0,7110.0
291120.0,88.0,2210.0
291130.0,62.0,3582.0
540400.0,180.0,2384.0
535607.0,201.0,4775.0
532700.0,199.0,2990.0
540502.0,492.0,6552.0
540202.0,357.0,6845.0
540501.0,121.0,6943.0
540201.0,137.0,2370.0
532400.0,1.0,112.0
271802.0,138.0,5911.0
272302.0,72.0,4074.0
272301.0,21.0,2941.0
232600.0,390.0,6288.0
232500.0,333.0,4619.0
232800.0,230.0,3823.0
232700.0,411.0,5895.0
234300.0,210.0,4098.0
234700.0,143.0,3888.0
234800.0,121.0,3426.0
235100.0,29.0,4520.0
234600.0,222.0,5024.0
234000.0,204.0,5335.0
235202.0,311.0,4557.0
235201.0,165.0,2781.0
703100.0,164.0,5446.0
703200.0,73.0,5629.0
620002.0,56.0,3609.0
533107.0,228.0,3645.0
532500.0,238.0,4078.0
534404.0,217.0,3647.0
533401.0,238.0,5004.0
534900.0,240.0,6569.0
542502.0,294.0,4284.0
570303.0,300.0,4247.0
570402.0,89.0,3496.0
570301.0,606.0,7330.0
570304.0,322.0,5171.0
620102.0,0.0,3617.0
293301.0,0.0,2805.0
541606.0,110.0,2506.0
602106.0,143.0,5702.0
602002.0,62.0,3195.0
603001.0,135.0,7139.0
602404.0,184.0,5863.0
602403.0,205.0,5230.0
600703.0,34.0,1914.0
602402.0,104.0,6769.0
600602.0,168.0,2551.0
601303.0,388.0,4879.0
236000.0,117.0,4113.0
236100.0,691.0,5265.0
237300.0,323.0,5262.0
237500.0,272.0,2675.0
237600.0,286.0,4259.0
237720.0,279.0,3153.0
237800.0,196.0,4371.0
237710.0,299.0,3887.0
237900.0,165.0,3621.0
239330.0,216.0,2879.0
239310.0,221.0,3996.0
239320.0,173.0,3444.0
238310.0,366.0,4821.0
238100.0,244.0,4626.0
533203.0,119.0,1827.0
534301.0,251.0,4636.0
534403.0,139.0,2948.0
534700.0,90.0,4283.0
542402.0,106.0,3152.0
543100.0,261.0,6759.0
572500.0,348.0,3365.0
571502.0,154.0,4661.0
209402.0,262.0,3728.0
701000.0,24.0,5431.0
620101.0,173.0,5426.0
620201.0,0.0,1530.0
275603.0,24.0,2711.0
275500.0,357.0,5207.0
275102.0,169.0,4226.0
272201.0,58.0,2411.0
271902.0,23.0,3877.0
271901.0,26.0,3087.0
269905.0,42.0,2423.0
269904.0,64.0,3902.0
224200.0,179.0,2392.0
221210.0,113.0,3300.0
540300.0,200.0,5267.0
540203.0,258.0,5594.0
541002.0,82.0,3209.0
600911.0,80.0,3349.0
601202.0,177.0,4115.0
600802.0,36.0,2597.0
601301.0,83.0,1915.0
601001.0,123.0,2154.0
601302.0,571.0,6856.0
600704.0,92.0,2971.0
600912.0,183.0,5517.0
238320.0,422.0,3787.0
534501.0,213.0,5201.0
204920.0,116.0,2598.0
206050.0,195.0,2146.0
543601.0,67.0,3910.0
532900.0,512.0,6681.0
533103.0,261.0,3577.0
535102.0,250.0,4517.0
535200.0,295.0,5820.0
535400.0,190.0,3495.0
208903.0,238.0,4019.0
209102.0,441.0,5267.0
209300.0,311.0,5021.0
208904.0,257.0,3926.0
209401.0,322.0,3914.0
209200.0,168.0,2785.0
209403.0,274.0,3600.0
209510.0,176.0,2692.0
209520.0,149.0,2791.0
209810.0,163.0,2472.0
209820.0,123.0,2968.0
210010.0,228.0,3520.0
269903.0,46.0,3650.0
269602.0,72.0,3252.0
269601.0,168.0,3413.0
267902.0,0.0,3375.0
572201.0,149.0,6197.0
601401.0,201.0,4683.0
601211.0,109.0,2823.0
600201.0,356.0,4600.0
601002.0,133.0,5311.0
600100.0,555.0,6657.0
601212.0,464.0,6511.0
600902.0,507.0,6613.0
602004.0,102.0,4126.0
602003.0,130.0,5124.0
602103.0,228.0,6992.0
535300.0,380.0,6251.0
534502.0,97.0,4257.0
532606.0,220.0,4284.0
532603.0,113.0,3319.0
532604.0,86.0,2806.0
532605.0,222.0,3715.0
532800.0,302.0,4409.0
533106.0,29.0,1743.0
212202.0,112.0,3612.0
212304.0,156.0,1804.0
212303.0,203.0,3326.0
212204.0,241.0,3344.0
212203.0,167.0,2679.0
212306.0,135.0,3052.0
212410.0,75.0,3903.0
212305.0,155.0,2865.0
212610.0,147.0,4074.0
213201.0,257.0,4198.0
212420.0,114.0,3228.0
212620.0,160.0,4341.0
212900.0,156.0,4074.0
212800.0,151.0,4273.0
213100.0,50.0,2721.0
213202.0,153.0,3873.0
213402.0,299.0,4645.0
213401.0,327.0,4951.0
213310.0,90.0,3477.0
213320.0,163.0,2481.0
221710.0,91.0,2621.0
227020.0,195.0,3599.0
228220.0,293.0,4389.0
228310.0,269.0,4449.0
228210.0,242.0,3806.0
228100.0,341.0,4916.0
228420.0,224.0,3150.0
228320.0,162.0,3219.0
228410.0,209.0,3320.0
228500.0,285.0,5220.0
650605.0,12.0,2763.0
650604.0,59.0,5412.0
265601.0,20.0,2890.0
239802.0,486.0,4902.0
239702.0,254.0,3927.0
241202.0,400.0,4943.0
543903.0,64.0,3804.0
543701.0,84.0,2994.0
602105.0,224.0,4273.0
601600.0,155.0,4375.0
601700.0,195.0,5646.0
601801.0,170.0,3789.0
601802.0,147.0,4658.0
601900.0,242.0,5685.0
602104.0,392.0,5416.0
600801.0,50.0,3245.0
602700.0,60.0,3045.0
601100.0,483.0,6533.0
600601.0,90.0,2461.0
533104.0,234.0,4356.0
533105.0,143.0,2580.0
533601.0,164.0,4484.0
533602.0,238.0,5420.0
533501.0,164.0,3090.0
205120.0,272.0,3618.0
651102.0,18.0,3639.0
216100.0,0.0,2289.0
571701.0,231.0,6352.0
572100.0,10.0,1045.0
572301.0,198.0,3833.0
572302.0,136.0,3483.0
228600.0,312.0,5049.0
229200.0,155.0,4394.0
228800.0,418.0,5575.0
228900.0,248.0,3216.0
231400.0,182.0,4688.0
231220.0,389.0,3824.0
231500.0,246.0,4752.0
231710.0,264.0,4358.0
232120.0,489.0,5263.0
236400.0,170.0,4113.0
236202.0,441.0,6192.0
234200.0,39.0,2376.0
267200.0,77.0,5927.0
241002.0,186.0,3606.0
241001.0,133.0,4285.0
240402.0,204.0,3854.0
602507.0,194.0,4156.0
602506.0,264.0,4329.0
602505.0,230.0,4072.0
602504.0,228.0,4407.0
600303.0,365.0,3664.0
651001.0,87.0,5522.0
702600.0,26.0,6069.0
600202.0,395.0,6205.0
600501.0,88.0,2478.0
600400.0,184.0,3986.0
600702.0,63.0,4191.0
543501.0,91.0,6805.0
572400.0,19.0,1152.0
572002.0,85.0,4409.0
239701.0,332.0,4261.0
239602.0,295.0,3313.0
239601.0,156.0,3755.0
239502.0,207.0,3372.0
239501.0,179.0,3454.0
601501.0,243.0,3890.0
651222.0,39.0,6211.0
651002.0,35.0,4606.0
571800.0,17.0,3190.0
541802.0,300.0,5431.0
540700.0,232.0,3014.0
540901.0,156.0,4994.0
540800.0,137.0,5042.0
540902.0,210.0,4506.0
541605.0,276.0,5323.0
602200.0,113.0,7314.0
603400.0,95.0,4367.0
603004.0,56.0,1512.0
291210.0,205.0,4967.0
291220.0,125.0,3353.0
291300.0,21.0,2601.0
265700.0,19.0,4720.0
267100.0,0.0,6087.0
239202.0,363.0,4724.0
239201.0,268.0,3562.0
237402.0,90.0,3526.0
237401.0,247.0,3616.0
237202.0,303.0,4388.0
237201.0,143.0,3506.0
237101.0,255.0,3705.0
236204.0,322.0,3203.0
236203.0,257.0,3417.0
234902.0,460.0,4005.0
222001.0,158.0,3237.0
221602.0,190.0,2816.0
221601.0,230.0,3403.0
221402.0,121.0,2715.0
542200.0,348.0,6962.0
541603.0,143.0,2983.0
240010.0,244.0,3673.0
238400.0,129.0,4497.0
240020.0,240.0,5055.0
240200.0,314.0,5252.0
240300.0,477.0,5691.0
238200.0,196.0,5267.0
240700.0,341.0,6161.0
240600.0,459.0,4932.0
535101.0,408.0,7306.0
542000.0,220.0,5732.0
540102.0,191.0,6972.0
541001.0,41.0,1164.0
600502.0,22.0,2355.0
603500.0,44.0,3074.0
293201.0,158.0,6629.0
292000.0,359.0,6543.0
293202.0,359.0,6742.0
621201.0,0.0,6452.0
620301.0,0.0,4657.0
620303.0,0.0,4547.0
620400.0,61.0,5090.0
620901.0,0.0,2621.0
620800.0,11.0,7575.0
267800.0,0.0,2917.0
269100.0,0.0,4359.0
226002.0,200.0,1604.0
226001.0,203.0,2068.0
222002.0,155.0,4655.0
980013.0,0.0,59.0
203600.0,279.0,5394.0
601402.0,97.0,5059.0
238000.0,340.0,5864.0
240500.0,693.0,5655.0
240900.0,438.0,5620.0
240800.0,194.0,4377.0
242100.0,343.0,2714.0
241110.0,193.0,3074.0
241300.0,113.0,2313.0
241120.0,420.0,4564.0
241400.0,204.0,3285.0
242000.0,288.0,3938.0
543322.0,166.0,6611.0
543602.0,137.0,7762.0
543801.0,105.0,5263.0
543802.0,143.0,7126.0
541300.0,257.0,6044.0
541200.0,280.0,5662.0
541604.0,323.0,6207.0
620521.0,22.0,4097.0
620522.0,86.0,4632.0
620701.0,32.0,6704.0
620602.0,85.0,5376.0
621002.0,32.0,1093.0
620601.0,18.0,5523.0
621001.0,36.0,4119.0
620501.0,33.0,5390.0
621102.0,23.0,2883.0
620702.0,19.0,7059.0
621301.0,110.0,6769.0
221401.0,201.0,3359.0
221304.0,123.0,3319.0
221303.0,94.0,2551.0
219902.0,37.0,4113.0
218702.0,196.0,2176.0
218701.0,77.0,2430.0
217002.0,80.0,4977.0
217001.0,43.0,2654.0
216402.0,8.0,2615.0
216401.0,12.0,4189.0
212702.0,52.0,3635.0
212502.0,111.0,2767.0
277400.0,57.0,1533.0
242200.0,382.0,6554.0
242300.0,362.0,4586.0
242600.0,589.0,4409.0
242700.0,373.0,5273.0
243000.0,368.0,6769.0
243100.0,598.0,5350.0
541700.0,288.0,6366.0
541801.0,339.0,4903.0
543305.0,145.0,2666.0
543502.0,79.0,4560.0
542601.0,224.0,3016.0
542602.0,292.0,5496.0
542800.0,79.0,3123.0
542700.0,159.0,5720.0
542900.0,215.0,3285.0
203300.0,90.0,2607.0
203100.0,498.0,4839.0
203500.0,133.0,3064.0
203710.0,207.0,3259.0
203200.0,274.0,4844.0
204410.0,158.0,2363.0
203800.0,169.0,4589.0
204420.0,243.0,3138.0
204110.0,86.0,3078.0
204300.0,287.0,4787.0
621400.0,16.0,4414.0
650001.0,56.0,5853.0
650300.0,55.0,6704.0
650101.0,90.0,5831.0
216200.0,36.0,4911.0
216300.0,46.0,4526.0
216900.0,76.0,5060.0
216700.0,110.0,3709.0
216800.0,32.0,3289.0
209104.0,225.0,2434.0
209103.0,329.0,3216.0
208802.0,191.0,2906.0
208801.0,231.0,2995.0
206032.0,309.0,5275.0
571703.0,236.0,3667.0
275200.0,33.0,3887.0
275302.0,0.0,4775.0
275311.0,15.0,4993.0
276000.0,21.0,5396.0
276100.0,26.0,5592.0
276500.0,27.0,5063.0
276400.0,42.0,4009.0
276601.0,37.0,3838.0
540600.0,178.0,4271.0
542501.0,369.0,4307.0
543000.0,136.0,4345.0
543503.0,26.0,5687.0
543202.0,188.0,4867.0
543400.0,49.0,4090.0
543304.0,80.0,6061.0
543201.0,161.0,3607.0
203720.0,282.0,4001.0
204120.0,150.0,2650.0
204200.0,176.0,3303.0
204600.0,244.0,4101.0
203900.0,163.0,2944.0
204700.0,202.0,4972.0
204820.0,77.0,2274.0
204910.0,227.0,3105.0
205110.0,253.0,3766.0
204810.0,256.0,4478.0
206200.0,410.0,3386.0
207900.0,19.0,4163.0
217200.0,205.0,3905.0
217100.0,393.0,5374.0
218210.0,158.0,4457.0
218110.0,126.0,3453.0
218120.0,167.0,4530.0
218300.0,175.0,5520.0
218600.0,132.0,3142.0
218220.0,65.0,4358.0
218400.0,193.0,4714.0
218500.0,134.0,2869.0
218800.0,109.0,2658.0
219500.0,41.0,1737.0
219300.0,272.0,3700.0
220000.0,295.0,5345.0
542104.0,184.0,3524.0
542103.0,195.0,4114.0
277000.0,28.0,5395.0
277100.0,8.0,3004.0
533603.0,432.0,6617.0
301206.0,252.0,5363.0
301205.0,22.0,2209.0
300301.0,0.0,6140.0
124903.0,117.0,3262.0
124204.0,130.0,3071.0
124203.0,107.0,2748.0
124105.0,46.0,2658.0
124103.0,107.0,2030.0
122121.0,88.0,2833.0
121222.0,199.0,5293.0
121221.0,58.0,2365.0
121101.0,133.0,2932.0
124902.0,116.0,2766.0
124104.0,62.0,2439.0
123902.0,84.0,2561.0
121102.0,77.0,2721.0
104204.0,115.0,3375.0
302506.0,130.0,3534.0
302505.0,393.0,3749.0
102107.0,119.0,3851.0
102104.0,94.0,3648.0
104203.0,238.0,5210.0
104108.0,262.0,5256.0
102103.0,12.0,1740.0
214901.0,66.0,3083.0
214503.0,24.0,3325.0
212102.0,95.0,2446.0
212101.0,137.0,2507.0
211922.0,171.0,3389.0
211804.0,129.0,3221.0
211803.0,103.0,3529.0
211202.0,101.0,2645.0
265201.0,0.0,2608.0
214902.0,23.0,2586.0
214502.0,29.0,5528.0
211703.0,164.0,4750.0
211121.0,77.0,2351.0
189201.0,148.0,3293.0
185204.0,19.0,2091.0
185203.0,142.0,3200.0
208501.0,58.0,2656.0
190801.0,109.0,2594.0
190402.0,72.0,2487.0
190401.0,85.0,3135.0
190201.0,114.0,2870.0
189904.0,19.0,2260.0
186301.0,173.0,2999.0
311801.0,52.0,3033.0
980026.0,0.0,20.0
125401.0,25.0,4024.0
122122.0,115.0,2439.0
320202.0,89.0,5797.0
980021.0,0.0,33.0
310602.0,22.0,2655.0
310601.0,210.0,5716.0
310501.0,33.0,3205.0
310202.0,40.0,4985.0
310201.0,171.0,5466.0
302504.0,253.0,4234.0
302503.0,235.0,4330.0
302401.0,432.0,5944.0
700802.0,47.0,4069.0
700801.0,0.0,5220.0
700502.0,28.0,4246.0
700501.0,21.0,3687.0
700101.0,58.0,5232.0
302004.0,232.0,4214.0
302003.0,138.0,3578.0
301802.0,164.0,3578.0
301801.0,135.0,4079.0
104822.0,122.0,2277.0
104403.0,113.0,3282.0
700102.0,139.0,4061.0
211704.0,99.0,3016.0
211122.0,131.0,3075.0
207103.0,78.0,2077.0
194101.0,20.0,3091.0
192001.0,0.0,2466.0
190202.0,77.0,3044.0
189903.0,33.0,2164.0
143604.0,36.0,3205.0
141101.0,58.0,4066.0
310100.0,14.0,5849.0
206010.0,195.0,3127.0
208000.0,216.0,6893.0
208610.0,164.0,4195.0
208620.0,154.0,4660.0
208710.0,89.0,4309.0
125501.0,88.0,3077.0
125402.0,43.0,3544.0
123901.0,205.0,4500.0
121802.0,20.0,3525.0
121801.0,161.0,3942.0
119002.0,147.0,7210.0
119001.0,57.0,4038.0
104401.0,114.0,3357.0
104620.0,160.0,3539.0
104320.0,106.0,5998.0
183820.0,126.0,3464.0
185100.0,148.0,6295.0
185202.0,235.0,3712.0
185310.0,116.0,3061.0
186100.0,16.0,4715.0
183220.0,145.0,4114.0
189702.0,27.0,2227.0
106114.0,308.0,5880.0
187300.0,33.0,3216.0
181300.0,23.0,3629.0
187200.0,78.0,3132.0
106407.0,144.0,2933.0
104821.0,59.0,3514.0
104704.0,175.0,4219.0
104703.0,151.0,2397.0
104404.0,149.0,3236.0
104124.0,93.0,4175.0
121900.0,121.0,4110.0
122410.0,224.0,3794.0
123010.0,184.0,4580.0
122420.0,209.0,5050.0
123020.0,147.0,3432.0
123205.0,112.0,2645.0
123203.0,282.0,3765.0
123204.0,170.0,3449.0
123520.0,55.0,2567.0
123304.0,137.0,4687.0
123303.0,95.0,3301.0
123410.0,252.0,4247.0
123301.0,194.0,4559.0
301300.0,6.0,2016.0
301203.0,68.0,4368.0
700400.0,80.0,5237.0
186401.0,178.0,3452.0
187102.0,121.0,3254.0
189300.0,0.0,3077.0
123420.0,187.0,4638.0
189902.0,70.0,4971.0
190301.0,159.0,4758.0
190520.0,236.0,3728.0
199700.0,33.0,3411.0
190902.0,135.0,3960.0
191110.0,100.0,3338.0
191201.0,199.0,4591.0
191204.0,92.0,2124.0
190100.0,54.0,4481.0
102105.0,51.0,1731.0
101122.0,8.0,3664.0
195903.0,53.0,2216.0
195902.0,12.0,1905.0
195901.0,50.0,2235.0
195804.0,73.0,2643.0
195803.0,63.0,2603.0
195202.0,6.0,3185.0
195201.0,53.0,2834.0
123510.0,271.0,4753.0
123602.0,131.0,3332.0
123700.0,24.0,4114.0
123800.0,112.0,5531.0
123601.0,135.0,4995.0
124300.0,122.0,4046.0
124500.0,84.0,2779.0
127920.0,226.0,4100.0
181000.0,0.0,6144.0
191620.0,180.0,2789.0
191720.0,215.0,3770.0
191420.0,147.0,3365.0
191500.0,234.0,5551.0
191810.0,114.0,3498.0
191410.0,280.0,5092.0
191820.0,77.0,2647.0
191610.0,175.0,4502.0
192300.0,22.0,2799.0
194200.0,8.0,3588.0
104103.0,68.0,4085.0
124201.0,125.0,3506.0
189701.0,49.0,3942.0
189600.0,61.0,3529.0
189500.0,188.0,4452.0
311600.0,134.0,7249.0
189400.0,0.0,3448.0
106112.0,53.0,5969.0
980009.0,0.0,14.0
194402.0,21.0,3335.0
194401.0,28.0,2461.0
194102.0,34.0,3458.0
192002.0,0.0,2735.0
191902.0,9.0,2867.0
191901.0,78.0,3355.0
191302.0,72.0,2422.0
191301.0,156.0,2327.0
190802.0,156.0,2784.0
189905.0,20.0,2304.0
189202.0,23.0,2718.0
189102.0,67.0,3096.0
189101.0,41.0,2743.0
188202.0,26.0,2347.0
125320.0,83.0,4843.0
125310.0,183.0,4750.0
124600.0,22.0,3123.0
124000.0,67.0,4550.0
192420.0,63.0,3637.0
192410.0,50.0,3628.0
192510.0,169.0,3670.0
192520.0,282.0,5067.0
192610.0,203.0,4389.0
195400.0,120.0,4395.0
192700.0,149.0,3513.0
194300.0,0.0,3029.0
192620.0,176.0,3868.0
195600.0,94.0,3340.0
195100.0,51.0,4717.0
188201.0,60.0,3270.0
187101.0,24.0,3235.0
186404.0,113.0,2471.0
186403.0,65.0,2899.0
186302.0,125.0,5198.0
186203.0,54.0,2936.0
186202.0,51.0,1974.0
185320.0,110.0,3081.0
700300.0,15.0,5623.0
700600.0,0.0,5537.0
191000.0,138.0,3228.0
123206.0,93.0,2945.0
195500.0,59.0,4971.0
195720.0,93.0,2304.0
195710.0,186.0,4328.0
197410.0,98.0,3704.0
195802.0,54.0,2881.0
197300.0,138.0,3909.0
197200.0,132.0,3757.0
300100.0,0.0,6002.0
300501.0,12.0,3868.0
101400.0,75.0,3903.0
186201.0,190.0,3068.0
183702.0,78.0,2805.0
183701.0,124.0,3922.0
183402.0,53.0,2820.0
183401.0,59.0,2543.0
183222.0,60.0,3483.0
183221.0,79.0,3118.0
143603.0,16.0,2222.0
128220.0,224.0,3011.0
208720.0,325.0,4179.0
194500.0,6.0,2037.0
195300.0,40.0,3203.0
141102.0,15.0,2869.0
104610.0,97.0,3672.0
201401.0,179.0,4803.0
301100.0,247.0,6491.0
301400.0,20.0,3865.0
301502.0,372.0,6908.0
301501.0,11.0,1902.0
301204.0,91.0,4990.0
301702.0,253.0,5556.0
301701.0,82.0,2849.0
301602.0,126.0,3908.0
301900.0,81.0,7810.0
189800.0,0.0,4021.0
211000.0,10.0,4431.0
211410.0,180.0,3095.0
211320.0,256.0,3184.0
211310.0,151.0,3846.0
211420.0,94.0,3859.0
211802.0,252.0,4192.0
211701.0,42.0,2827.0
211910.0,171.0,4657.0
300200.0,34.0,5546.0
128602.0,76.0,3189.0
301000.0,139.0,4841.0
302002.0,143.0,3532.0
300902.0,6.0,1998.0
302103.0,286.0,5504.0
302301.0,116.0,3790.0
302201.0,261.0,3856.0
302202.0,234.0,5254.0
311700.0,163.0,6137.0
188300.0,8.0,3536.0
211500.0,50.0,4355.0
700200.0,204.0,6321.0
128101.0,136.0,3738.0
127104.0,129.0,3573.0
127103.0,263.0,2939.0
125502.0,14.0,3083.0
101210.0,269.0,5990.0
101110.0,167.0,4731.0
119400.0,162.0,4987.0
302104.0,242.0,3917.0
300901.0,14.0,6463.0
320100.0,252.0,7144.0
106113.0,58.0,3493.0
311802.0,163.0,3813.0
302102.0,143.0,6439.0
302302.0,158.0,4895.0
124400.0,74.0,4192.0
125200.0,70.0,3524.0
124700.0,26.0,4796.0
125100.0,131.0,5431.0
190700.0,153.0,3379.0
214000.0,33.0,3898.0
214100.0,17.0,3944.0
214400.0,30.0,2877.0
214700.0,18.0,2512.0
214800.0,0.0,2573.0
214600.0,24.0,2411.0
101300.0,61.0,4199.0
104500.0,92.0,3293.0
104810.0,180.0,5328.0
119800.0,91.0,6108.0
119700.0,20.0,5045.0
121010.0,227.0,4989.0
121020.0,152.0,3741.0
121210.0,85.0,3122.0
122120.0,249.0,5000.0
190510.0,158.0,4227.0
265100.0,0.0,2489.0
101220.0,122.0,3363.0
121600.0,9.0,3005.0
300800.0,204.0,6947.0
460501.0,0.0,5418.0
460600.0,0.0,4511.0
143100.0,77.0,3984.0
300400.0,49.0,5740.0
460700.0,19.0,5034.0
103300.0,23.0,3819.0
301601.0,275.0,6198.0
211120.0,206.0,5194.0
460502.0,0.0,4417.0
143200.0,112.0,3743.0
143300.0,47.0,5871.0
143400.0,19.0,5881.0
143602.0,15.0,4260.0
123104.0,145.0,4596.0
199110.0,103.0,2710.0
197700.0,205.0,5103.0
197600.0,36.0,2376.0
197420.0,153.0,3509.0
197500.0,105.0,3889.0
199000.0,230.0,5066.0
199120.0,295.0,4086.0
199202.0,219.0,3031.0
700700.0,0.0,3479.0
980010.0,0.0,164.0
310400.0,62.0,3379.0
310900.0,77.0,6870.0
311200.0,49.0,3138.0
311500.0,148.0,5633.0
311400.0,0.0,2274.0
125600.0,51.0,2657.0
191710.0,156.0,3231.0
191203.0,111.0,2922.0
199400.0,139.0,4668.0
199300.0,114.0,3848.0
199900.0,164.0,2683.0
199201.0,214.0,4089.0
199800.0,258.0,5631.0
201301.0,175.0,3442.0
201302.0,33.0,3732.0
215102.0,39.0,3110.0
215101.0,27.0,2477.0
214501.0,22.0,2932.0
310300.0,0.0,2987.0
310701.0,72.0,2361.0
310702.0,228.0,7104.0
310800.0,66.0,4909.0
311100.0,30.0,3897.0
311000.0,54.0,3755.0
311300.0,52.0,3811.0
310703.0,148.0,5114.0
181600.0,25.0,4352.0
261101.0,0.0,3499.0
261102.0,52.0,4362.0
191120.0,186.0,4135.0
122200.0,135.0,4141.0
122000.0,144.0,5446.0
120400.0,106.0,6272.0
201402.0,80.0,4311.0
103200.0,139.0,6150.0
103102.0,19.0,4751.0
211921.0,94.0,2474.0
211201.0,96.0,2645.0
208502.0,165.0,3571.0
208402.0,145.0,2775.0
208401.0,296.0,3770.0
208302.0,290.0,4360.0
300701.0,0.0,6144.0
300702.0,0.0,5604.0
300600.0,60.0,8053.0
300502.0,54.0,6026.0
123103.0,170.0,4165.0
103101.0,54.0,2670.0
190901.0,173.0,4742.0
124102.0,177.0,3549.0
188100.0,81.0,4076.0
103400.0,226.0,6143.0
104105.0,429.0,5412.0
104201.0,186.0,4780.0
104310.0,175.0,4921.0
104701.0,353.0,4208.0
143500.0,149.0,4708.0
143700.0,82.0,3748.0
143800.0,42.0,4878.0
143902.0,0.0,3000.0
143901.0,0.0,4068.0
181500.0,150.0,3812.0
181400.0,121.0,4302.0
183620.0,105.0,3264.0
183300.0,76.0,3480.0
183510.0,79.0,2725.0
183610.0,109.0,3275.0
183520.0,162.0,3881.0
183810.0,152.0,4369.0
481606.0,68.0,4871.0
433101.0,67.0,2281.0
481605.0,96.0,3387.0
460401.0,19.0,878.0
405302.0,151.0,5351.0
405301.0,69.0,3349.0
406702.0,107.0,5823.0
433307.0,124.0,3421.0
433306.0,129.0,3333.0
433305.0,292.0,4893.0
433304.0,211.0,4726.0
431502.0,32.0,4361.0
431501.0,101.0,4107.0
430301.0,8.0,4422.0
430003.0,62.0,4604.0
183104.0,36.0,2065.0
183103.0,182.0,3967.0
430902.0,122.0,4652.0
430901.0,121.0,4324.0
405101.0,113.0,5304.0
480304.0,76.0,4098.0
482301.0,112.0,5162.0
481103.0,85.0,5350.0
482401.0,65.0,3761.0
482303.0,131.0,5818.0
404901.0,179.0,5658.0
405002.0,31.0,3197.0
405102.0,163.0,5069.0
406800.0,60.0,4926.0
431001.0,121.0,7171.0
460100.0,22.0,5793.0
432401.0,107.0,3789.0
404703.0,182.0,3178.0
201602.0,140.0,2840.0
201601.0,27.0,2288.0
480802.0,21.0,3279.0
480901.0,135.0,4686.0
481001.0,76.0,3842.0
481002.0,161.0,5447.0
481102.0,31.0,3624.0
480803.0,88.0,3464.0
481902.0,18.0,3355.0
430502.0,46.0,6745.0
432300.0,71.0,3951.0
432500.0,113.0,8210.0
432602.0,138.0,4554.0
432700.0,249.0,5262.0
432801.0,99.0,2568.0
432902.0,47.0,3482.0
201120.0,83.0,4097.0
201504.0,136.0,2428.0
460800.0,2.0,3248.0
464200.0,0.0,5937.0
432601.0,249.0,6564.0
431300.0,24.0,2661.0
432802.0,312.0,5821.0
480102.0,80.0,4303.0
481714.0,58.0,2551.0
481800.0,42.0,2596.0
433200.0,254.0,6163.0
433601.0,127.0,4923.0
481201.0,85.0,3598.0
430801.0,126.0,6342.0
430724.0,40.0,4812.0
480002.0,69.0,3453.0
480303.0,121.0,3858.0
463602.0,30.0,5051.0
463601.0,32.0,5714.0
462302.0,19.0,2972.0
462301.0,172.0,4655.0
462202.0,15.0,2928.0
462201.0,132.0,3788.0
462002.0,345.0,3942.0
462001.0,151.0,3974.0
461902.0,97.0,1654.0
461901.0,168.0,5118.0
461502.0,272.0,6563.0
430701.0,8.0,5271.0
431700.0,0.0,6433.0
430802.0,33.0,4163.0
431400.0,13.0,3970.0
431800.0,8.0,5640.0
430400.0,0.0,4424.0
430600.0,14.0,4505.0
432201.0,82.0,4342.0
481300.0,45.0,3153.0
404600.0,18.0,1422.0
430501.0,8.0,4172.0
430200.0,2.0,1292.0
431600.0,7.0,4018.0
463102.0,62.0,3779.0
431900.0,45.0,3828.0
432000.0,87.0,8182.0
481901.0,35.0,5770.0
481401.0,36.0,6061.0
482304.0,117.0,3556.0
432101.0,4.0,4179.0
432402.0,209.0,6310.0
432102.0,38.0,5633.0
480101.0,9.0,3908.0
480012.0,66.0,4763.0
480201.0,25.0,3907.0
481101.0,23.0,3814.0
404902.0,34.0,3973.0
405400.0,70.0,4795.0
460000.0,22.0,4851.0
461501.0,121.0,3700.0
460302.0,105.0,4442.0
405202.0,114.0,5227.0
404801.0,167.0,7305.0
404903.0,21.0,2905.0
405201.0,213.0,5205.0
405203.0,16.0,3484.0
460900.0,70.0,6998.0
461700.0,14.0,1385.0
462400.0,42.0,4229.0
462100.0,209.0,5259.0
461600.0,239.0,5826.0
462500.0,32.0,6039.0
463000.0,0.0,2228.0
404803.0,67.0,1741.0
404802.0,63.0,4335.0
405001.0,78.0,6170.0
430002.0,157.0,7021.0
460301.0,68.0,4638.0
460200.0,87.0,5315.0
461100.0,157.0,4844.0
462800.0,52.0,2915.0
463101.0,20.0,2383.0
462900.0,10.0,3818.0
462700.0,118.0,5471.0
462600.0,5.0,2324.0
463200.0,8.0,3403.0
430102.0,114.0,4809.0
404702.0,195.0,5882.0
404701.0,156.0,5873.0
183101.0,67.0,3922.0
430721.0,23.0,3957.0
461200.0,26.0,4443.0
461300.0,100.0,6638.0
461000.0,78.0,6243.0
463400.0,53.0,5752.0
463700.0,0.0,2236.0
463800.0,8.0,3869.0
463500.0,43.0,5747.0
463900.0,31.0,3456.0
463300.0,4.0,2041.0
481712.0,75.0,5225.0
432901.0,96.0,4464.0
201700.0,98.0,5093.0
461400.0,23.0,3204.0
464000.0,23.0,5621.0
464100.0,16.0,7210.0
481711.0,109.0,4530.0
480600.0,59.0,7863.0
480302.0,15.0,4255.0
432202.0,129.0,4252.0
201200.0,157.0,2519.0
201110.0,73.0,2574.0
201503.0,196.0,3323.0
480903.0,65.0,3206.0
480902.0,85.0,4218.0
480702.0,24.0,4460.0
480400.0,55.0,5654.0
480804.0,116.0,4998.0
480704.0,24.0,4531.0
480202.0,9.0,2534.0
201501.0,201.0,5306.0
431200.0,153.0,6439.0
431002.0,51.0,3163.0
480703.0,7.0,3277.0
430101.0,101.0,4887.0
480011.0,155.0,5132.0
481202.0,107.0,6608.0
433102.0,274.0,5085.0
481500.0,26.0,4361.0
481604.0,91.0,3942.0
481402.0,81.0,7175.0
481603.0,36.0,3802.0
481713.0,45.0,2507.0
480500.0,14.0,5485.0
430803.0,0.0,5439.0
430302.0,59.0,5837.0
430723.0,38.0,4118.0
431100.0,22.0,6629.0
553503.0,142.0,2768.0
552302.0,144.0,3648.0
503104.0,48.0,2719.0
550602.0,30.0,4211.0
550601.0,187.0,5639.0
550202.0,167.0,5496.0
550201.0,81.0,2941.0
501002.0,64.0,4861.0
501001.0,38.0,3248.0
500404.0,99.0,4795.0
500403.0,77.0,4023.0
502802.0,113.0,1380.0
433503.0,145.0,3108.0
573601.0,33.0,6114.0
571504.0,67.0,4699.0
571503.0,32.0,3700.0
434004.0,72.0,2796.0
434003.0,219.0,4273.0
433504.0,368.0,4679.0
554406.0,118.0,4875.0
554405.0,117.0,3040.0
554302.0,193.0,3916.0
554301.0,129.0,3554.0
536104.0,190.0,4052.0
533806.0,160.0,4165.0
533805.0,132.0,3604.0
554204.0,232.0,4391.0
554203.0,103.0,3689.0
554105.0,309.0,4569.0
554104.0,114.0,2600.0
553504.0,301.0,5368.0
408631.0,97.0,5087.0
531504.0,256.0,4414.0
531503.0,99.0,3116.0
408505.0,13.0,2682.0
408504.0,129.0,5322.0
406701.0,28.0,3246.0
407802.0,10.0,3635.0
407602.0,76.0,4008.0
407601.0,163.0,4366.0
407502.0,120.0,3937.0
407501.0,79.0,4411.0
406902.0,93.0,3149.0
406901.0,85.0,4701.0
408630.0,61.0,2319.0
503106.0,45.0,3795.0
503105.0,68.0,3634.0
503103.0,60.0,5004.0
502801.0,109.0,6186.0
502005.0,61.0,4251.0
502004.0,122.0,4359.0
552002.0,92.0,3721.0
552001.0,125.0,4105.0
502003.0,72.0,2693.0
501804.0,28.0,2131.0
501803.0,253.0,4705.0
551502.0,40.0,4250.0
551501.0,26.0,4869.0
551402.0,32.0,4468.0
551401.0,176.0,4290.0
551102.0,217.0,5503.0
551101.0,229.0,3926.0
550902.0,156.0,5572.0
550901.0,92.0,3762.0
533902.0,146.0,4051.0
534406.0,281.0,4609.0
534405.0,240.0,4292.0
533703.0,176.0,4236.0
503602.0,30.0,3793.0
502302.0,82.0,3000.0
502700.0,125.0,6956.0
502402.0,48.0,3755.0
550300.0,183.0,7727.0
530902.0,124.0,4160.0
531000.0,143.0,5629.0
531102.0,105.0,3548.0
482522.0,81.0,4269.0
530005.0,10.0,4346.0
408503.0,23.0,6317.0
407001.0,136.0,5905.0
408302.0,51.0,4036.0
533702.0,103.0,3585.0
533803.0,325.0,6309.0
534202.0,346.0,5790.0
531602.0,243.0,4494.0
533901.0,321.0,6065.0
534001.0,251.0,5613.0
502500.0,96.0,4215.0
530400.0,170.0,3683.0
501200.0,79.0,5057.0
501501.0,4.0,2244.0
501400.0,71.0,3978.0
501300.0,173.0,7238.0
500201.0,48.0,6179.0
500202.0,7.0,4935.0
501503.0,85.0,5016.0
501504.0,144.0,3592.0
531301.0,135.0,5601.0
531603.0,62.0,3568.0
531701.0,169.0,5718.0
531604.0,117.0,3580.0
531800.0,216.0,5066.0
531702.0,109.0,4754.0
531902.0,139.0,4077.0
531901.0,306.0,6529.0
482600.0,50.0,6866.0
482800.0,129.0,4074.0
408629.0,0.0,2926.0
551800.0,83.0,7533.0
501700.0,42.0,3695.0
407200.0,240.0,7315.0
407702.0,194.0,6497.0
408202.0,58.0,2037.0
407002.0,72.0,3804.0
407102.0,85.0,5445.0
407302.0,73.0,3501.0
408301.0,97.0,5427.0
407301.0,167.0,4828.0
531302.0,226.0,6709.0
482521.0,92.0,5754.0
536102.0,71.0,3164.0
407101.0,216.0,4834.0
555212.0,335.0,4561.0
555103.0,28.0,4727.0
555102.0,312.0,6526.0
555001.0,96.0,5411.0
570100.0,50.0,2837.0
570002.0,22.0,2699.0
530204.0,258.0,3682.0
530004.0,111.0,3695.0
530202.0,133.0,4063.0
530203.0,163.0,3238.0
433401.0,126.0,3371.0
433901.0,371.0,5593.0
433602.0,50.0,2803.0
434001.0,116.0,4395.0
433403.0,214.0,4675.0
570001.0,50.0,4463.0
570902.0,77.0,3616.0
570702.0,26.0,2433.0
570701.0,55.0,6569.0
571101.0,63.0,4574.0
571300.0,24.0,4414.0
570003.0,75.0,4447.0
571102.0,37.0,3877.0
555211.0,314.0,5818.0
570202.0,239.0,6415.0
503802.0,14.0,5054.0
503801.0,24.0,4080.0
503902.0,43.0,4636.0
504002.0,113.0,5383.0
503901.0,18.0,2702.0
504101.0,81.0,5126.0
530301.0,97.0,2168.0
530302.0,203.0,6556.0
532002.0,126.0,3151.0
532101.0,287.0,6663.0
433302.0,71.0,1595.0
433501.0,111.0,1954.0
433402.0,221.0,4776.0
433700.0,137.0,3294.0
433801.0,387.0,6197.0
408628.0,48.0,5103.0
406602.0,125.0,4973.0
533701.0,155.0,3934.0
534302.0,171.0,3673.0
534201.0,264.0,4439.0
571000.0,55.0,5747.0
570204.0,166.0,4130.0
555104.0,74.0,4239.0
570502.0,373.0,6616.0
570501.0,264.0,7419.0
570603.0,513.0,4435.0
570602.0,255.0,6356.0
504102.0,0.0,22.0
482001.0,26.0,2761.0
482002.0,114.0,6947.0
482101.0,104.0,4568.0
482201.0,115.0,3813.0
482202.0,134.0,5229.0
482102.0,14.0,2828.0
433802.0,51.0,2780.0
433902.0,118.0,3780.0
500500.0,87.0,2950.0
500402.0,233.0,4910.0
500600.0,155.0,5688.0
534002.0,128.0,4352.0
532001.0,165.0,3415.0
532303.0,131.0,4464.0
553300.0,106.0,3390.0
554802.0,70.0,6165.0
554900.0,202.0,6991.0
553400.0,62.0,3861.0
554002.0,283.0,5659.0
570601.0,315.0,5421.0
570901.0,15.0,5647.0
570800.0,43.0,5540.0
571200.0,49.0,7828.0
571400.0,34.0,4770.0
573401.0,26.0,1439.0
571600.0,375.0,2039.0
530500.0,99.0,4567.0
530700.0,53.0,2213.0
482702.0,22.0,2397.0
530102.0,199.0,5116.0
554201.0,181.0,4108.0
554404.0,261.0,4447.0
554403.0,339.0,5483.0
554519.0,14.0,3613.0
554511.0,17.0,4029.0
554518.0,0.0,5435.0
554513.0,23.0,2507.0
554522.0,94.0,4787.0
530802.0,38.0,3668.0
530601.0,22.0,3431.0
530602.0,3.0,1590.0
482402.0,25.0,6971.0
482503.0,87.0,4357.0
530101.0,165.0,5400.0
534203.0,131.0,3204.0
554512.0,61.0,6108.0
554517.0,52.0,4883.0
554515.0,10.0,3703.0
500300.0,51.0,2903.0
551300.0,185.0,5422.0
552800.0,198.0,6401.0
552900.0,153.0,6881.0
552400.0,73.0,2794.0
553000.0,54.0,4825.0
574100.0,43.0,5098.0
534102.0,307.0,6263.0
533804.0,242.0,4543.0
501802.0,77.0,3326.0
552602.0,141.0,4191.0
552700.0,178.0,6985.0
552601.0,163.0,5720.0
553100.0,135.0,6298.0
554514.0,23.0,4322.0
554516.0,24.0,3902.0
554600.0,85.0,4374.0
554521.0,136.0,5752.0
407400.0,10.0,2133.0
501900.0,25.0,4213.0
503301.0,15.0,3394.0
502100.0,127.0,5110.0
502200.0,236.0,6585.0
502301.0,126.0,5461.0
503202.0,82.0,4462.0
503401.0,47.0,6529.0
553200.0,129.0,7055.0
554700.0,160.0,4874.0
554801.0,117.0,3366.0
553701.0,249.0,4176.0
553801.0,206.0,4174.0
553502.0,168.0,4183.0
553601.0,244.0,4750.0
553901.0,211.0,6896.0
555002.0,36.0,3475.0
571900.0,123.0,5509.0
572001.0,56.0,5278.0
573700.0,54.0,4554.0
573800.0,49.0,4284.0
573902.0,0.0,2091.0
980018.0,0.0,1.0
408623.0,34.0,3023.0
408401.0,79.0,4289.0
503702.0,96.0,5040.0
532102.0,110.0,3574.0
503402.0,40.0,4273.0
501600.0,30.0,7190.0
503501.0,60.0,6481.0
503502.0,50.0,4130.0
503601.0,68.0,4168.0
553702.0,177.0,4902.0
554101.0,248.0,3799.0
553802.0,213.0,6342.0
554001.0,87.0,4171.0
570203.0,273.0,3973.0
550700.0,73.0,6921.0
551600.0,0.0,31.0
550400.0,6.0,1534.0
551201.0,57.0,3588.0
551202.0,187.0,7666.0
551700.0,239.0,6547.0
553602.0,156.0,4730.0
532302.0,120.0,4707.0
532304.0,145.0,3987.0
500100.0,69.0,3540.0
503703.0,28.0,7876.0
536200.0,205.0,7289.0
574000.0,13.0,5277.0
550000.0,8.0,1146.0
550100.0,104.0,7518.0
551000.0,31.0,7200.0
552200.0,320.0,6835.0
552100.0,113.0,5891.0
551900.0,117.0,5344.0
553902.0,279.0,5809.0
504001.0,53.0,5709.0
532200.0,315.0,6836.0
503701.0,90.0,4717.0
500900.0,173.0,5719.0
500800.0,75.0,5470.0
500700.0,193.0,6496.0
502902.0,183.0,4043.0
555202.0,49.0,3399.0
482502.0,87.0,3373.0
502401.0,82.0,4747.0
502901.0,89.0,5413.0
550800.0,61.0,7170.0
550500.0,180.0,7809.0
531502.0,44.0,3273.0
540000.0,297.0,6973.0
408501.0,37.0,3314.0
408402.0,51.0,5799.0
502602.0,115.0,4321.0
502601.0,107.0,7145.0
530003.0,28.0,2983.0
503000.0,227.0,6057.0
503201.0,27.0,3912.0
503302.0,99.0,6271.0
554103.0,61.0,1572.0
552301.0,75.0,4900.0
530006.0,132.0,3963.0
482701.0,49.0,4298.0
408624.0,22.0,3227.0
408303.0,71.0,4029.0
408625.0,24.0,4160.0
534101.0,73.0,2295.0
910002.0,297.0,7217.0
405702.0,174.0,4854.0
405701.0,83.0,3853.0
408003.0,36.0,4992.0
401304.0,21.0,5642.0
401303.0,22.0,2199.0
400501.0,15.0,2126.0
400403.0,24.0,3815.0
404504.0,155.0,5266.0
404202.0,31.0,3366.0
404201.0,175.0,3711.0
900104.0,291.0,6242.0
900103.0,109.0,6170.0
402904.0,140.0,3603.0
402903.0,214.0,4138.0
402804.0,204.0,4085.0
402803.0,137.0,3436.0
402706.0,185.0,3945.0
402705.0,58.0,3328.0
402405.0,77.0,3006.0
402304.0,255.0,3848.0
402303.0,173.0,3996.0
402002.0,81.0,3913.0
402001.0,170.0,3080.0
400404.0,16.0,4453.0
400207.0,31.0,4798.0
408141.0,195.0,5450.0
408140.0,84.0,3835.0
408005.0,28.0,5088.0
407801.0,101.0,5074.0
408724.0,179.0,5362.0
408723.0,62.0,2825.0
408139.0,189.0,4482.0
408138.0,155.0,5936.0
408137.0,101.0,4152.0
408136.0,67.0,3849.0
408006.0,106.0,3863.0
408004.0,43.0,2246.0
404503.0,33.0,2977.0
402406.0,264.0,4776.0
405500.0,87.0,6808.0
403312.0,64.0,5160.0
408704.0,31.0,3155.0
403324.0,77.0,6804.0
408211.0,147.0,5947.0
403325.0,16.0,4795.0
408212.0,103.0,4485.0
401202.0,56.0,4371.0
403802.0,170.0,5553.0
401603.0,35.0,2913.0
403901.0,55.0,3110.0
405900.0,111.0,4049.0
406411.0,12.0,2126.0
406500.0,99.0,6705.0
406412.0,23.0,2482.0
406601.0,65.0,5269.0
406402.0,18.0,2076.0
400604.0,47.0,2980.0
404501.0,60.0,2355.0
408134.0,33.0,2743.0
900102.0,64.0,1029.0
407701.0,181.0,5401.0
402101.0,67.0,4623.0
408135.0,35.0,4159.0
408133.0,157.0,5739.0
400304.0,104.0,6714.0
403305.0,29.0,2100.0
402102.0,197.0,4815.0
402200.0,283.0,6584.0
402301.0,329.0,5454.0
403721.0,67.0,4998.0
402702.0,497.0,6313.0
403200.0,0.0,391.0
402703.0,217.0,4686.0
402600.0,224.0,7453.0
402501.0,421.0,5577.0
402801.0,331.0,5170.0
402502.0,402.0,7225.0
402402.0,146.0,7076.0
402403.0,80.0,5381.0
402902.0,346.0,6445.0
402404.0,0.0,1945.0
403303.0,27.0,2523.0
403000.0,212.0,6835.0
408705.0,39.0,5427.0
408703.0,0.0,6528.0
408800.0,141.0,3738.0
403304.0,49.0,5178.0
403321.0,41.0,6034.0
403318.0,11.0,6243.0
403317.0,30.0,4721.0
403320.0,80.0,5573.0
401602.0,133.0,5282.0
400204.0,0.0,6454.0
404000.0,139.0,4474.0
401601.0,132.0,5034.0
401701.0,202.0,4137.0
401312.0,0.0,5575.0
407900.0,106.0,6296.0
403401.0,48.0,5038.0
403406.0,20.0,2796.0
403405.0,6.0,1631.0
403403.0,0.0,5140.0
403402.0,16.0,3322.0
403404.0,3.0,2521.0
403407.0,0.0,2132.0
403703.0,29.0,4748.0
403600.0,193.0,6672.0
401704.0,315.0,5828.0
408722.0,68.0,4400.0
400900.0,63.0,4086.0
403801.0,202.0,6212.0
405600.0,17.0,5428.0
406200.0,192.0,5678.0
405800.0,136.0,5881.0
403722.0,231.0,5734.0
400603.0,112.0,5249.0
406101.0,45.0,3139.0
403319.0,57.0,4260.0
406000.0,75.0,5059.0
403500.0,7.0,1628.0
403316.0,98.0,6783.0
406300.0,52.0,5532.0
403323.0,6.0,5356.0
403322.0,0.0,3808.0
404401.0,67.0,3979.0
404302.0,45.0,2498.0
404301.0,145.0,5665.0
406102.0,176.0,5828.0
401002.0,51.0,3973.0
400800.0,67.0,3967.0
910001.0,287.0,5742.0
403702.0,7.0,3794.0
403408.0,28.0,6576.0
408626.0,26.0,4341.0
401001.0,8.0,3140.0
401102.0,138.0,3101.0
401101.0,278.0,5663.0
401500.0,120.0,5572.0
401203.0,155.0,5216.0
401201.0,101.0,3110.0
403902.0,102.0,4806.0
404100.0,223.0,6445.0
400206.0,15.0,5328.0
400302.0,60.0,3016.0
408706.0,0.0,1665.0
400205.0,14.0,3204.0
408627.0,20.0,3079.0
404402.0,84.0,5107.0
400402.0,83.0,4125.0
401311.0,137.0,6521.0
401902.0,0.0,5711.0
401901.0,17.0,4610.0
401800.0,53.0,7378.0
401703.0,142.0,4176.0
400602.0,102.0,4719.0
137000.0,39.0,2471.0
